date,author,notebook,url,votes,claimed_score,visible_score,last_update,method_family,stateful,stateless,crop_strategy,livestock_strategy,land_strategy,labor_strategy,market_strategy,routing_strategy,replay_based,source_available,license,notes
"2026-09-07","bovard","Kaggriculture: Getting Started","https://www.kaggle.com/code/bovard/kaggriculture-getting-started","983","UNKNOWN","281.5","2026-07-31","tutorial rule-based","UNKNOWN","UNKNOWN","MELON only","none","none","farmer only","threshold sale","nearest empty","no","yes; ipynb downloaded","Apache-2.0; page verified","v4; read markdown and API examples; stale internal competition link; not adopted; title ASCII-normalized; dates local day precision; scores transient; no code adopted"
"2026-09-07","boatlee","V16-RC5 | High-Score 8C/4S Premium Market Lead","https://www.kaggle.com/code/boatlee/v16-rc5-high-score-8c-4s-premium-market-lead","310","UNKNOWN","1312.2","2026-08-12","UNKNOWN","UNKNOWN","UNKNOWN","UNKNOWN","UNKNOWN","UNKNOWN","UNKNOWN","UNKNOWN","UNKNOWN","UNKNOWN","UNKNOWN","UNKNOWN","CATALOG_ONLY; not source reviewed; title ASCII-normalized; dates local day precision; scores transient; no code adopted"
"2026-09-07","kaitofukami","25/27 Strict-Future | v27 Midgame Meta Reset","https://www.kaggle.com/code/kaitofukami/25-27-strict-future-v27-midgame-meta-reset","192","UNKNOWN","1085.4","2026-08-10","UNKNOWN","UNKNOWN","UNKNOWN","UNKNOWN","UNKNOWN","UNKNOWN","UNKNOWN","UNKNOWN","UNKNOWN","UNKNOWN","UNKNOWN","UNKNOWN","CATALOG_ONLY; not source reviewed; title ASCII-normalized; dates local day precision; scores transient; no code adopted"
"2026-09-07","raykkretzschmar","Kaggriculture: Findings from Zero to Top Meta","https://www.kaggle.com/code/raykkretzschmar/kaggriculture-findings-from-zero-to-top-meta","186","UNKNOWN","UNKNOWN","2026-08-11","UNKNOWN","UNKNOWN","UNKNOWN","UNKNOWN","UNKNOWN","UNKNOWN","UNKNOWN","UNKNOWN","UNKNOWN","UNKNOWN","UNKNOWN","UNKNOWN","CATALOG_ONLY; not source reviewed; title ASCII-normalized; dates local day precision; scores transient; no code adopted"
"2026-09-07","tetsutani","Adaptive Farming Strategy for Kaggriculture","https://www.kaggle.com/code/tetsutani/adaptive-farming-strategy-for-kaggriculture","141","UNKNOWN","1569.9","2026-08-20","UNKNOWN","UNKNOWN","UNKNOWN","UNKNOWN","UNKNOWN","UNKNOWN","UNKNOWN","UNKNOWN","UNKNOWN","UNKNOWN","UNKNOWN","UNKNOWN","CATALOG_ONLY; not source reviewed; title ASCII-normalized; dates local day precision; scores transient; no code adopted"
"2026-09-07","kaitofukami","40/40 Early Floor | 39/46 Top-10 | v48 Fast Routes","https://www.kaggle.com/code/kaitofukami/40-40-early-floor-39-46-top-10-v48-fast-routes","131","UNKNOWN","UNKNOWN","2026-08-25","UNKNOWN","UNKNOWN","UNKNOWN","UNKNOWN","UNKNOWN","UNKNOWN","UNKNOWN","UNKNOWN","UNKNOWN","UNKNOWN","UNKNOWN","UNKNOWN","CATALOG_ONLY; not source reviewed; title ASCII-normalized; dates local day precision; scores transient; no code adopted"
"2026-09-07","romantamrazov","Kaggriculture | Hamburger","https://www.kaggle.com/code/romantamrazov/kaggriculture-hamburger","129","UNKNOWN","1421","2026-08-04","UNKNOWN","UNKNOWN","UNKNOWN","UNKNOWN","UNKNOWN","UNKNOWN","UNKNOWN","UNKNOWN","UNKNOWN","UNKNOWN","UNKNOWN","UNKNOWN","CATALOG_ONLY; not source reviewed; title ASCII-normalized; dates local day precision; scores transient; no code adopted"
"2026-09-07","yhay81","Six-Day Public-State Fieldbook","https://www.kaggle.com/code/yhay81/six-day-public-state-fieldbook","127","UNKNOWN","2624.1","2026-09-02","public-state route portfolio","UNKNOWN","UNKNOWN","route-dependent","route-dependent","route-dependent","route-dependent","block cash budget; sell only surplus","five 144-turn blocks","yes","yes; ipynb downloaded","Apache-2.0; page verified","v3; author reports 24064 frozen games and 0.9485 points; not reproduced; external source dataset not yet reviewed; title ASCII-normalized; dates local day precision; scores transient; no code adopted"
"2026-09-07","yhay81","Three-Day Shop Router","https://www.kaggle.com/code/yhay81/three-day-shop-router","121","UNKNOWN","UNKNOWN","2026-09-03","UNKNOWN","UNKNOWN","UNKNOWN","UNKNOWN","UNKNOWN","UNKNOWN","UNKNOWN","UNKNOWN","UNKNOWN","UNKNOWN","UNKNOWN","UNKNOWN","CATALOG_ONLY; not source reviewed; title ASCII-normalized; dates local day precision; scores transient; no code adopted"
"2026-09-07","boatlee","84/84 Base+Public Holdout | V14 Clone Preemption","https://www.kaggle.com/code/boatlee/84-84-base-public-holdout-v14-clone-preemption","114","UNKNOWN","UNKNOWN","2026-08-08","UNKNOWN","UNKNOWN","UNKNOWN","UNKNOWN","UNKNOWN","UNKNOWN","UNKNOWN","UNKNOWN","UNKNOWN","UNKNOWN","UNKNOWN","UNKNOWN","CATALOG_ONLY; not source reviewed; title ASCII-normalized; dates local day precision; scores transient; no code adopted"
"2026-09-07","tetsutani","Shape the Shop Work the Pasture | Kaggriculture","https://www.kaggle.com/code/tetsutani/shape-the-shop-work-the-pasture-kaggriculture","113","UNKNOWN","2542.6","2026-09-07","UNKNOWN","UNKNOWN","UNKNOWN","UNKNOWN","UNKNOWN","UNKNOWN","UNKNOWN","UNKNOWN","UNKNOWN","UNKNOWN","UNKNOWN","UNKNOWN","CATALOG_ONLY; not source reviewed; title ASCII-normalized; dates local day precision; scores transient; no code adopted"
"2026-09-07","raykkretzschmar","Kaggriculture Rank Your Agent","https://www.kaggle.com/code/raykkretzschmar/kaggriculture-rank-your-agent","106","UNKNOWN","1075.7","2026-08-18","UNKNOWN","UNKNOWN","UNKNOWN","UNKNOWN","UNKNOWN","UNKNOWN","UNKNOWN","UNKNOWN","UNKNOWN","UNKNOWN","UNKNOWN","UNKNOWN","CATALOG_ONLY; not source reviewed; title ASCII-normalized; dates local day precision; scores transient; no code adopted"
"2026-09-07","pilkwang","Kaggriculture: Structured Economic Policy","https://www.kaggle.com/code/pilkwang/kaggriculture-structured-economic-policy","102","UNKNOWN","UNKNOWN","2026-09-03","economic rule-based planning","UNKNOWN","UNKNOWN","terminal-feasible production","discounted production value","shadow price","workload responsive; Fibonacci wages","ordered liquidity ledger","greedy mission matching","no","yes; ipynb downloaded","Apache-2.0; page verified","page v39 of40; downloaded version must be rechecked before reuse; overnight positioning and order-priority prose need correction; title ASCII-normalized; dates local day precision; scores transient; no code adopted"
"2026-09-07","kaitofukami","177/180 Fresh Top-30 | v21.1 Conditional Memory","https://www.kaggle.com/code/kaitofukami/177-180-fresh-top-30-v21-1-conditional-memory","101","UNKNOWN","896.9","2026-08-06","UNKNOWN","UNKNOWN","UNKNOWN","UNKNOWN","UNKNOWN","UNKNOWN","UNKNOWN","UNKNOWN","UNKNOWN","UNKNOWN","UNKNOWN","UNKNOWN","CATALOG_ONLY; not source reviewed; title ASCII-normalized; dates local day precision; scores transient; no code adopted"
"2026-09-07","thomastschinkel","Kaggriculture: Public State Router (74.5% Win Rate","https://www.kaggle.com/code/thomastschinkel/kaggriculture-public-state-router-74-5-win-rate","98","UNKNOWN","2473.8","2026-09-06","UNKNOWN","UNKNOWN","UNKNOWN","UNKNOWN","UNKNOWN","UNKNOWN","UNKNOWN","UNKNOWN","UNKNOWN","UNKNOWN","UNKNOWN","UNKNOWN","CATALOG_ONLY; not source reviewed; title ASCII-normalized; dates local day precision; scores transient; no code adopted"
"2026-09-07","prvsiyan","Kaggriculture Frontier | The Soil Remembers Rain","https://www.kaggle.com/code/prvsiyan/kaggriculture-frontier-the-soil-remembers-rain","96","UNKNOWN","1672.7","2026-08-28","UNKNOWN","UNKNOWN","UNKNOWN","UNKNOWN","UNKNOWN","UNKNOWN","UNKNOWN","UNKNOWN","UNKNOWN","UNKNOWN","UNKNOWN","UNKNOWN","CATALOG_ONLY; not source reviewed; title ASCII-normalized; dates local day precision; scores transient; no code adopted"
"2026-09-07","indarkarhana","Shape the Shop Work the Pasture (TOP 10)","https://www.kaggle.com/code/indarkarhana/shape-the-shop-work-the-pasture-top-10","94","UNKNOWN","UNKNOWN","2026-08-30","UNKNOWN","UNKNOWN","UNKNOWN","UNKNOWN","UNKNOWN","UNKNOWN","UNKNOWN","UNKNOWN","UNKNOWN","UNKNOWN","UNKNOWN","UNKNOWN","CATALOG_ONLY; not source reviewed; title ASCII-normalized; dates local day precision; scores transient; no code adopted"
"2026-09-07","georgymamarin","Kaggriculture, Visualized: What Every Crop Pays","https://www.kaggle.com/code/georgymamarin/kaggriculture-visualized-what-every-crop-pays","90","UNKNOWN","UNKNOWN","2026-08-17","UNKNOWN","UNKNOWN","UNKNOWN","UNKNOWN","UNKNOWN","UNKNOWN","UNKNOWN","UNKNOWN","UNKNOWN","UNKNOWN","UNKNOWN","UNKNOWN","CATALOG_ONLY; not source reviewed; title ASCII-normalized; dates local day precision; scores transient; no code adopted"
"2026-09-07","flexonafft","Kaggriculture | Multi-Route Farming Agent","https://www.kaggle.com/code/flexonafft/kaggriculture-multi-route-farming-agent","89","UNKNOWN","1416.9","2026-08-20","UNKNOWN","UNKNOWN","UNKNOWN","UNKNOWN","UNKNOWN","UNKNOWN","UNKNOWN","UNKNOWN","UNKNOWN","UNKNOWN","UNKNOWN","UNKNOWN","CATALOG_ONLY; not source reviewed; title ASCII-normalized; dates local day precision; scores transient; no code adopted"
"2026-09-07","prvsiyan","Kaggriculture Frontier | The Moon Counts Melons","https://www.kaggle.com/code/prvsiyan/kaggriculture-frontier-the-moon-counts-melons","85","UNKNOWN","1648.1","2026-08-28","UNKNOWN","UNKNOWN","UNKNOWN","UNKNOWN","UNKNOWN","UNKNOWN","UNKNOWN","UNKNOWN","UNKNOWN","UNKNOWN","UNKNOWN","UNKNOWN","CATALOG_ONLY; not source reviewed; title ASCII-normalized; dates local day precision; scores transient; no code adopted"
"2026-09-07","destbreso","X-ray your agent","https://www.kaggle.com/code/destbreso/x-ray-your-agent","28","UNKNOWN","UNKNOWN","2026-09-07","replay diagnostics","UNKNOWN","UNKNOWN","counts by day","herd and CARE","purchase-day curves","unit action shares","ordered market comparisons","lineage and within-world variation","yes","yes; ipynb downloaded","Apache-2.0; page verified","v53; saved output 74 episodes; not independently fetched; nine-shop prose conflicts with official cap eight; title ASCII-normalized; dates local day precision; scores transient; no code adopted"
"2026-09-07","az05192000gmailcom","Kaggriculture | From Orders to Actual Trades","https://www.kaggle.com/code/az05192000gmailcom/kaggriculture-from-orders-to-actual-trades","0","UNKNOWN","UNKNOWN","2026-09-07","cashflow reconstruction","UNKNOWN","UNKNOWN","demo only","demo goose","demo expansion","demo hand","unitwise settlement and reconciliation","unit actions before market","yes","yes; ipynb downloaded","Apache-2.0; page verified","v4; demo 1438 player-turns reconciled; not competitive evidence; not rerun; title ASCII-normalized; dates local day precision; scores transient; no code adopted"
"2026-09-07","motemen","Kaggriculture Meta Census - Lineage Occupancy","https://www.kaggle.com/code/motemen/kaggriculture-meta-census-lineage-occupancy","0","UNKNOWN","UNKNOWN","2026-09-07","UNKNOWN","UNKNOWN","UNKNOWN","UNKNOWN","UNKNOWN","UNKNOWN","UNKNOWN","UNKNOWN","UNKNOWN","UNKNOWN","UNKNOWN","UNKNOWN","CATALOG_ONLY; not source reviewed; title ASCII-normalized; dates local day precision; scores transient; no code adopted"
"2026-09-07","georgymamarin","Kaggriculture Daily Replays: The Live Meta Report","https://www.kaggle.com/code/georgymamarin/kaggriculture-daily-replays-the-live-meta-report","37","UNKNOWN","UNKNOWN","2026-09-07","UNKNOWN","UNKNOWN","UNKNOWN","UNKNOWN","UNKNOWN","UNKNOWN","UNKNOWN","UNKNOWN","UNKNOWN","UNKNOWN","UNKNOWN","UNKNOWN","CATALOG_ONLY; not source reviewed; title ASCII-normalized; dates local day precision; scores transient; no code adopted"
"2026-09-07","hank0123","Kaggriculture: Is Your Agent Really Better?","https://www.kaggle.com/code/hank0123/kaggriculture-is-your-agent-really-better","0","UNKNOWN","UNKNOWN","2026-09-07","paired statistical evaluation","UNKNOWN","UNKNOWN","not applicable","not applicable","not applicable","not applicable","not applicable","not applicable","no","yes; ipynb downloaded","Apache-2.0; page verified","v1; SYNTHETIC 96 rows; not game performance; pair bootstrap limitations documented; title ASCII-normalized; dates local day precision; scores transient; no code adopted"
"2026-09-07","ashok205","top10-replay-dataset-archive","https://www.kaggle.com/code/ashok205/top10-replay-dataset-archive","8","UNKNOWN","UNKNOWN","2026-09-07","UNKNOWN","UNKNOWN","UNKNOWN","UNKNOWN","UNKNOWN","UNKNOWN","UNKNOWN","UNKNOWN","UNKNOWN","UNKNOWN","UNKNOWN","UNKNOWN","CATALOG_ONLY; not source reviewed; title ASCII-normalized; dates local day precision; scores transient; no code adopted"
"2026-09-07","serariagomes","Kaggriculture Rule-based Agent","https://www.kaggle.com/code/serariagomes/kaggriculture-rule-based-agent","0","UNKNOWN","288.1","2026-09-07","UNKNOWN","UNKNOWN","UNKNOWN","UNKNOWN","UNKNOWN","UNKNOWN","UNKNOWN","UNKNOWN","UNKNOWN","UNKNOWN","UNKNOWN","UNKNOWN","CATALOG_ONLY; not source reviewed; title ASCII-normalized; dates local day precision; scores transient; no code adopted"
"2026-09-07","junaid512","02 Adaptive Replay Agent","https://www.kaggle.com/code/junaid512/02-adaptive-replay-agent","1","UNKNOWN","984","2026-09-07","UNKNOWN","UNKNOWN","UNKNOWN","UNKNOWN","UNKNOWN","UNKNOWN","UNKNOWN","UNKNOWN","UNKNOWN","UNKNOWN","UNKNOWN","UNKNOWN","CATALOG_ONLY; not source reviewed; title ASCII-normalized; dates local day precision; scores transient; no code adopted"
"2026-09-07","bssgirl","notebook317289f44a","https://www.kaggle.com/code/bssgirl/notebook317289f44a","2","UNKNOWN","199.1","2026-09-07","UNKNOWN","UNKNOWN","UNKNOWN","UNKNOWN","UNKNOWN","UNKNOWN","UNKNOWN","UNKNOWN","UNKNOWN","UNKNOWN","UNKNOWN","UNKNOWN","CATALOG_ONLY; not source reviewed; title ASCII-normalized; dates local day precision; scores transient; no code adopted"
"2026-09-07","busyaprime","Kaggriculture, five days of the ladder","https://www.kaggle.com/code/busyaprime/kaggriculture-five-days-of-the-ladder","0","UNKNOWN","UNKNOWN","2026-09-07","UNKNOWN","UNKNOWN","UNKNOWN","UNKNOWN","UNKNOWN","UNKNOWN","UNKNOWN","UNKNOWN","UNKNOWN","UNKNOWN","UNKNOWN","UNKNOWN","CATALOG_ONLY; not source reviewed; title ASCII-normalized; dates local day precision; scores transient; no code adopted"
"2026-09-07","busyaprime","What actually wins on the Kaggriculture ladder","https://www.kaggle.com/code/busyaprime/what-actually-wins-on-the-kaggriculture-ladder","28","UNKNOWN","UNKNOWN","2026-09-07","UNKNOWN","UNKNOWN","UNKNOWN","UNKNOWN","UNKNOWN","UNKNOWN","UNKNOWN","UNKNOWN","UNKNOWN","UNKNOWN","UNKNOWN","UNKNOWN","CATALOG_ONLY; not source reviewed; title ASCII-normalized; dates local day precision; scores transient; no code adopted"
"2026-09-07","ayeshasummaiyya","Fields of Fortune | Strategic Farming Agent","https://www.kaggle.com/code/ayeshasummaiyya/fields-of-fortune-strategic-farming-agent","5","UNKNOWN","363.6","2026-09-07","UNKNOWN","UNKNOWN","UNKNOWN","UNKNOWN","UNKNOWN","UNKNOWN","UNKNOWN","UNKNOWN","UNKNOWN","UNKNOWN","UNKNOWN","UNKNOWN","CATALOG_ONLY; not source reviewed; title ASCII-normalized; dates local day precision; scores transient; no code adopted"
"2026-09-07","dmitriigluzdov","Kaggriculture Goose Portfolio | Historical LB 2615","https://www.kaggle.com/code/dmitriigluzdov/kaggriculture-goose-portfolio-historical-lb-2615","5","2615.0 historical; same code 1833.3","UNKNOWN","2026-09-06","route plus herd valuation","UNKNOWN","UNKNOWN","inherited Moon route","2 cows vs mixed vs 2 geese","inherited","inherited","joint herd impact; liquidation","fixed schedule plus repairs","yes","yes; ipynb downloaded","Apache-2.0; page verified","v2; historical 2615 vs same-code 1833.3; 48-game panel did not activate guard; not causal evidence; title ASCII-normalized; dates local day precision; scores transient; no code adopted"
"2026-09-07","evgendvorkin","Kaggriculture","https://www.kaggle.com/code/evgendvorkin/kaggriculture","28","UNKNOWN","2446.6","2026-09-06","UNKNOWN","UNKNOWN","UNKNOWN","UNKNOWN","UNKNOWN","UNKNOWN","UNKNOWN","UNKNOWN","UNKNOWN","UNKNOWN","UNKNOWN","UNKNOWN","CATALOG_ONLY; not source reviewed; title ASCII-normalized; dates local day precision; scores transient; no code adopted"
"2026-09-07","flexonafft","Kaggriculture | Smart Farm Strategy Lab","https://www.kaggle.com/code/flexonafft/kaggriculture-smart-farm-strategy-lab","15","UNKNOWN","2405.3","2026-09-06","UNKNOWN","UNKNOWN","UNKNOWN","UNKNOWN","UNKNOWN","UNKNOWN","UNKNOWN","UNKNOWN","UNKNOWN","UNKNOWN","UNKNOWN","UNKNOWN","CATALOG_ONLY; not source reviewed; title ASCII-normalized; dates local day precision; scores transient; no code adopted"
"2026-09-07","yamakawanin","Kaggriculture 2312.9 - Q30 v2a","https://www.kaggle.com/code/yamakawanin/kaggriculture-2312-9-q30-v2a","4","2312.9 title","UNKNOWN","2026-09-06","UNKNOWN","UNKNOWN","UNKNOWN","UNKNOWN","UNKNOWN","UNKNOWN","UNKNOWN","UNKNOWN","UNKNOWN","UNKNOWN","UNKNOWN","UNKNOWN","CATALOG_ONLY; not source reviewed; title ASCII-normalized; dates local day precision; scores transient; no code adopted"
"2026-09-07","holeneckles","Grandmaster","https://www.kaggle.com/code/holeneckles/grandmaster","0","UNKNOWN","370.5","2026-09-06","UNKNOWN","UNKNOWN","UNKNOWN","UNKNOWN","UNKNOWN","UNKNOWN","UNKNOWN","UNKNOWN","UNKNOWN","UNKNOWN","UNKNOWN","UNKNOWN","CATALOG_ONLY; not source reviewed; title ASCII-normalized; dates local day precision; scores transient; no code adopted"
"2026-09-07","adilshamim8","kaggriculture-grandmaster-starter","https://www.kaggle.com/code/adilshamim8/kaggriculture-grandmaster-starter","11","UNKNOWN","402.4","2026-09-06","UNKNOWN","UNKNOWN","UNKNOWN","UNKNOWN","UNKNOWN","UNKNOWN","UNKNOWN","UNKNOWN","UNKNOWN","UNKNOWN","UNKNOWN","UNKNOWN","CATALOG_ONLY; not source reviewed; title ASCII-normalized; dates local day precision; scores transient; no code adopted"
"2026-09-07","lynnsakurai","Farming Score: A Mathematical Approach","https://www.kaggle.com/code/lynnsakurai/farming-score-a-mathematical-approach","36","UNKNOWN","1812.9","2026-09-06","UNKNOWN","UNKNOWN","UNKNOWN","UNKNOWN","UNKNOWN","UNKNOWN","UNKNOWN","UNKNOWN","UNKNOWN","UNKNOWN","UNKNOWN","UNKNOWN","CATALOG_ONLY; not source reviewed; title ASCII-normalized; dates local day precision; scores transient; no code adopted"
"2026-09-07","boatlee","V17-R1-RC2 | High-Score 10C/4S Market & Storage","https://www.kaggle.com/code/boatlee/v17-r1-rc2-high-score-10c-4s-market-storage","15","UNKNOWN","2587.6","2026-08-13","UNKNOWN","UNKNOWN","UNKNOWN","UNKNOWN","UNKNOWN","UNKNOWN","UNKNOWN","UNKNOWN","UNKNOWN","UNKNOWN","UNKNOWN","UNKNOWN","CATALOG_ONLY; not source reviewed; title ASCII-normalized; dates local day precision; scores transient; no code adopted"
"2026-09-07","boatlee","V20-Adaptive-R1 | Multi-Route Agent","https://www.kaggle.com/code/boatlee/v20-adaptive-r1-multi-route-agent","67","UNKNOWN","2578.2","2026-08-17","UNKNOWN","UNKNOWN","UNKNOWN","UNKNOWN","UNKNOWN","UNKNOWN","UNKNOWN","UNKNOWN","UNKNOWN","UNKNOWN","UNKNOWN","UNKNOWN","CATALOG_ONLY; not source reviewed; title ASCII-normalized; dates local day precision; scores transient; no code adopted"
"2026-09-07","ravi123a321at","177/180 Fresh Top-30 | v21.1 Conditional Memory","https://www.kaggle.com/code/ravi123a321at/177-180-fresh-top-30-v21-1-conditional-memory","2","UNKNOWN","2517.1","2026-08-06","UNKNOWN","UNKNOWN","UNKNOWN","UNKNOWN","UNKNOWN","UNKNOWN","UNKNOWN","UNKNOWN","UNKNOWN","UNKNOWN","UNKNOWN","UNKNOWN","CATALOG_ONLY; not source reviewed; title ASCII-normalized; dates local day precision; scores transient; no code adopted"
"2026-09-07","reyhanksatria","best market agent - high strategy","https://www.kaggle.com/code/reyhanksatria/best-market-agent-high-strategy","13","UNKNOWN","2497.9","2026-08-15","UNKNOWN","UNKNOWN","UNKNOWN","UNKNOWN","UNKNOWN","UNKNOWN","UNKNOWN","UNKNOWN","UNKNOWN","UNKNOWN","UNKNOWN","UNKNOWN","CATALOG_ONLY; not source reviewed; title ASCII-normalized; dates local day precision; scores transient; no code adopted"
"2026-09-07","web3cainiao","Kaggriculture v21 Tactical Memory","https://www.kaggle.com/code/web3cainiao/kaggriculture-v21-tactical-memory","7","UNKNOWN","2491.7","2026-08-06","UNKNOWN","UNKNOWN","UNKNOWN","UNKNOWN","UNKNOWN","UNKNOWN","UNKNOWN","UNKNOWN","UNKNOWN","UNKNOWN","UNKNOWN","UNKNOWN","CATALOG_ONLY; not source reviewed; title ASCII-normalized; dates local day precision; scores transient; no code adopted"
"2026-09-07","boatlee","V21-R1 | Public-State Route Portfolio","https://www.kaggle.com/code/boatlee/v21-r1-public-state-route-portfolio","63","UNKNOWN","2467.9","2026-08-21","UNKNOWN","UNKNOWN","UNKNOWN","UNKNOWN","UNKNOWN","UNKNOWN","UNKNOWN","UNKNOWN","UNKNOWN","UNKNOWN","UNKNOWN","UNKNOWN","CATALOG_ONLY; not source reviewed; title ASCII-normalized; dates local day precision; scores transient; no code adopted"
"2026-09-07","andrewsokolovsky","Kaggriculture","https://www.kaggle.com/code/andrewsokolovsky/kaggriculture","13","UNKNOWN","2441.2","2026-08-08","UNKNOWN","UNKNOWN","UNKNOWN","UNKNOWN","UNKNOWN","UNKNOWN","UNKNOWN","UNKNOWN","UNKNOWN","UNKNOWN","UNKNOWN","UNKNOWN","CATALOG_ONLY; not source reviewed; title ASCII-normalized; dates local day precision; scores transient; no code adopted"
"2026-09-07","avioon","Kaggriculture Apex V7 God Emperor","https://www.kaggle.com/code/avioon/kaggriculture-apex-v7-god-emperor","50","UNKNOWN","2374.5","2026-09-05","UNKNOWN","UNKNOWN","UNKNOWN","UNKNOWN","UNKNOWN","UNKNOWN","UNKNOWN","UNKNOWN","UNKNOWN","UNKNOWN","UNKNOWN","UNKNOWN","CATALOG_ONLY; not source reviewed; title ASCII-normalized; dates local day precision; scores transient; no code adopted"
"2026-09-07","boatlee","V13-R3 | Top-Meta Order-Safe Premium Control","https://www.kaggle.com/code/boatlee/v13-r3-top-meta-order-safe-premium-control","15","UNKNOWN","2359.8","2026-08-06","UNKNOWN","UNKNOWN","UNKNOWN","UNKNOWN","UNKNOWN","UNKNOWN","UNKNOWN","UNKNOWN","UNKNOWN","UNKNOWN","UNKNOWN","UNKNOWN","CATALOG_ONLY; not source reviewed; title ASCII-normalized; dates local day precision; scores transient; no code adopted"
"2026-09-07","navazshfathi","177/180 Fresh Top-30 | v21.1 Conditional Memory","https://www.kaggle.com/code/navazshfathi/177-180-fresh-top-30-v21-1-conditional-memory","3","UNKNOWN","2332.1","2026-08-06","UNKNOWN","UNKNOWN","UNKNOWN","UNKNOWN","UNKNOWN","UNKNOWN","UNKNOWN","UNKNOWN","UNKNOWN","UNKNOWN","UNKNOWN","UNKNOWN","CATALOG_ONLY; not source reviewed; title ASCII-normalized; dates local day precision; scores transient; no code adopted"
"2026-09-07","ryanmyers03","Kaggriculture Agent v1","https://www.kaggle.com/code/ryanmyers03/kaggriculture-agent-v1","1","UNKNOWN","2217.5","2026-08-16","UNKNOWN","UNKNOWN","UNKNOWN","UNKNOWN","UNKNOWN","UNKNOWN","UNKNOWN","UNKNOWN","UNKNOWN","UNKNOWN","UNKNOWN","UNKNOWN","CATALOG_ONLY; not source reviewed; title ASCII-normalized; dates local day precision; scores transient; no code adopted"
"2026-09-07","llccqq624","Kaggriculture Top-5 Meta Ensemble","https://www.kaggle.com/code/llccqq624/kaggriculture-top-5-meta-ensemble","9","UNKNOWN","2178","2026-08-06","UNKNOWN","UNKNOWN","UNKNOWN","UNKNOWN","UNKNOWN","UNKNOWN","UNKNOWN","UNKNOWN","UNKNOWN","UNKNOWN","UNKNOWN","UNKNOWN","CATALOG_ONLY; not source reviewed; title ASCII-normalized; dates local day precision; scores transient; no code adopted"
"2026-09-07","flexonafft","Kaggriculture | Adaptive Farm Intelligence","https://www.kaggle.com/code/flexonafft/kaggriculture-adaptive-farm-intelligence","52","UNKNOWN","2156.3","2026-09-05","UNKNOWN","UNKNOWN","UNKNOWN","UNKNOWN","UNKNOWN","UNKNOWN","UNKNOWN","UNKNOWN","UNKNOWN","UNKNOWN","UNKNOWN","UNKNOWN","CATALOG_ONLY; not source reviewed; title ASCII-normalized; dates local day precision; scores transient; no code adopted"
"2026-09-07","prvsiyan","Kaggle Frontier Lab | Strategy Improvement","https://www.kaggle.com/code/prvsiyan/kaggle-frontier-lab-strategy-improvement","57","UNKNOWN","2126.8","2026-08-03","UNKNOWN","UNKNOWN","UNKNOWN","UNKNOWN","UNKNOWN","UNKNOWN","UNKNOWN","UNKNOWN","UNKNOWN","UNKNOWN","UNKNOWN","UNKNOWN","CATALOG_ONLY; not source reviewed; title ASCII-normalized; dates local day precision; scores transient; no code adopted"
"2026-09-07","prvsiyan","Where the Wheat Remembers Tomorrow | Kaggriculture","https://www.kaggle.com/code/prvsiyan/where-the-wheat-remembers-tomorrow-kaggriculture","11","UNKNOWN","2110.7","2026-09-05","UNKNOWN","UNKNOWN","UNKNOWN","UNKNOWN","UNKNOWN","UNKNOWN","UNKNOWN","UNKNOWN","UNKNOWN","UNKNOWN","UNKNOWN","UNKNOWN","CATALOG_ONLY; not source reviewed; title ASCII-normalized; dates local day precision; scores transient; no code adopted"
"2026-09-07","destbreso","97% predictable: Extracting decision trees","https://www.kaggle.com/code/destbreso/97-predictable-extracting-decision-trees","5","UNKNOWN","UNKNOWN","2026-09-06","UNKNOWN","UNKNOWN","UNKNOWN","UNKNOWN","UNKNOWN","UNKNOWN","UNKNOWN","UNKNOWN","UNKNOWN","UNKNOWN","UNKNOWN","UNKNOWN","CATALOG_ONLY; not source reviewed; title ASCII-normalized; dates local day precision; scores transient; no code adopted"
"2026-09-07","chaimaamatrag","kaggriculture_competition","https://www.kaggle.com/code/chaimaamatrag/kaggriculture-competition","12","UNKNOWN","260.4","2026-09-05","UNKNOWN","UNKNOWN","UNKNOWN","UNKNOWN","UNKNOWN","UNKNOWN","UNKNOWN","UNKNOWN","UNKNOWN","UNKNOWN","UNKNOWN","UNKNOWN","CATALOG_ONLY; not source reviewed; title ASCII-normalized; dates local day precision; scores transient; no code adopted"
"2026-09-07","reyhanksatria","Kaggriculture: Adaptive Shop Guard","https://www.kaggle.com/code/reyhanksatria/kaggriculture-adaptive-shop-guard","34","UNKNOWN","1654.1","2026-08-25","UNKNOWN","UNKNOWN","UNKNOWN","UNKNOWN","UNKNOWN","UNKNOWN","UNKNOWN","UNKNOWN","UNKNOWN","UNKNOWN","UNKNOWN","UNKNOWN","CATALOG_ONLY; not source reviewed; title ASCII-normalized; dates local day precision; scores transient; no code adopted"
"2026-09-07","llccqq624","Kaggriculture | Adaptive Shop Guard","https://www.kaggle.com/code/llccqq624/kaggriculture-adaptive-shop-guard","25","UNKNOWN","1481.6","2026-08-25","UNKNOWN","UNKNOWN","UNKNOWN","UNKNOWN","UNKNOWN","UNKNOWN","UNKNOWN","UNKNOWN","UNKNOWN","UNKNOWN","UNKNOWN","UNKNOWN","CATALOG_ONLY; not source reviewed; title ASCII-normalized; dates local day precision; scores transient; no code adopted"
"2026-09-07","dianatofficial","Kaggriculture: Reactive Agent Strategy & EDA","https://www.kaggle.com/code/dianatofficial/kaggriculture-reactive-agent-strategy-eda","13","UNKNOWN","UNKNOWN","2026-09-05","UNKNOWN","UNKNOWN","UNKNOWN","UNKNOWN","UNKNOWN","UNKNOWN","UNKNOWN","UNKNOWN","UNKNOWN","UNKNOWN","UNKNOWN","UNKNOWN","CATALOG_ONLY; not source reviewed; title ASCII-normalized; dates local day precision; scores transient; no code adopted"
"2026-09-07","yamakawanin","Kaggriculture - Adaptive Public-State Multi-Route","https://www.kaggle.com/code/yamakawanin/kaggriculture-adaptive-public-state-multi-route","22","UNKNOWN","2061.9","2026-08-25","UNKNOWN","UNKNOWN","UNKNOWN","UNKNOWN","UNKNOWN","UNKNOWN","UNKNOWN","UNKNOWN","UNKNOWN","UNKNOWN","UNKNOWN","UNKNOWN","CATALOG_ONLY; not source reviewed; title ASCII-normalized; dates local day precision; scores transient; no code adopted"
"2026-09-07","busyaprime","Kaggriculture, 800 paired games and the map wins","https://www.kaggle.com/code/busyaprime/kaggriculture-800-paired-games-and-the-map-wins","0","UNKNOWN","UNKNOWN","2026-09-06","UNKNOWN","UNKNOWN","UNKNOWN","UNKNOWN","UNKNOWN","UNKNOWN","UNKNOWN","UNKNOWN","UNKNOWN","UNKNOWN","UNKNOWN","UNKNOWN","CATALOG_ONLY; not source reviewed; title ASCII-normalized; dates local day precision; scores transient; no code adopted"
"2026-09-07","destbreso","Which language does your agent speak?","https://www.kaggle.com/code/destbreso/which-language-does-your-agent-speak","2","UNKNOWN","UNKNOWN","2026-09-06","UNKNOWN","UNKNOWN","UNKNOWN","UNKNOWN","UNKNOWN","UNKNOWN","UNKNOWN","UNKNOWN","UNKNOWN","UNKNOWN","UNKNOWN","UNKNOWN","CATALOG_ONLY; not source reviewed; title ASCII-normalized; dates local day precision; scores transient; no code adopted"
"2026-09-07","paiky1995","Inside the Kaggriculture Market Machine","https://www.kaggle.com/code/paiky1995/inside-the-kaggriculture-market-machine","1","UNKNOWN","UNKNOWN","2026-09-06","UNKNOWN","UNKNOWN","UNKNOWN","UNKNOWN","UNKNOWN","UNKNOWN","UNKNOWN","UNKNOWN","UNKNOWN","UNKNOWN","UNKNOWN","UNKNOWN","CATALOG_ONLY; not source reviewed; title ASCII-normalized; dates local day precision; scores transient; no code adopted"
"2026-09-07","destbreso","v7.38_finance7 | A full agent, layer by layer","https://www.kaggle.com/code/destbreso/v7-38-finance7-a-full-agent-layer-by-layer","1","UNKNOWN","UNKNOWN","2026-09-05","UNKNOWN","UNKNOWN","UNKNOWN","UNKNOWN","UNKNOWN","UNKNOWN","UNKNOWN","UNKNOWN","UNKNOWN","UNKNOWN","UNKNOWN","UNKNOWN","CATALOG_ONLY; not source reviewed; title ASCII-normalized; dates local day precision; scores transient; no code adopted"
"2026-09-07","avioon","Kaggriculture Apex V5 Emperor","https://www.kaggle.com/code/avioon/kaggriculture-apex-v5-emperor","0","UNKNOWN","UNKNOWN","2026-09-04","UNKNOWN","UNKNOWN","UNKNOWN","UNKNOWN","UNKNOWN","UNKNOWN","UNKNOWN","UNKNOWN","UNKNOWN","UNKNOWN","UNKNOWN","UNKNOWN","CATALOG_ONLY; not source reviewed; title ASCII-normalized; dates local day precision; scores transient; no code adopted"
"2026-09-07","rivakajangu","Your rating is noisier than your improvement","https://www.kaggle.com/code/rivakajangu/your-rating-is-noisier-than-your-improvement","3","UNKNOWN","UNKNOWN","2026-09-04","UNKNOWN","UNKNOWN","UNKNOWN","UNKNOWN","UNKNOWN","UNKNOWN","UNKNOWN","UNKNOWN","UNKNOWN","UNKNOWN","UNKNOWN","UNKNOWN","CATALOG_ONLY; not source reviewed; title ASCII-normalized; dates local day precision; scores transient; no code adopted"
"2026-09-07","reyhanksatria","Strong Adaptive Agent V1","https://www.kaggle.com/code/reyhanksatria/strong-adaptive-agent-v1","8","UNKNOWN","1934.3","2026-09-04","UNKNOWN","UNKNOWN","UNKNOWN","UNKNOWN","UNKNOWN","UNKNOWN","UNKNOWN","UNKNOWN","UNKNOWN","UNKNOWN","UNKNOWN","UNKNOWN","CATALOG_ONLY; not source reviewed; title ASCII-normalized; dates local day precision; scores transient; no code adopted"
"2026-09-07","leneen","Kaggriculture:","https://www.kaggle.com/code/leneen/kaggriculture","1","UNKNOWN","227.6","2026-09-01","UNKNOWN","UNKNOWN","UNKNOWN","UNKNOWN","UNKNOWN","UNKNOWN","UNKNOWN","UNKNOWN","UNKNOWN","UNKNOWN","UNKNOWN","UNKNOWN","CATALOG_ONLY; not source reviewed; title ASCII-normalized; dates local day precision; scores transient; no code adopted"
"2026-09-07","taylorclark637","Kaggriculture","https://www.kaggle.com/code/taylorclark637/kaggriculture","1","UNKNOWN","-71.9","2026-09-02","UNKNOWN","UNKNOWN","UNKNOWN","UNKNOWN","UNKNOWN","UNKNOWN","UNKNOWN","UNKNOWN","UNKNOWN","UNKNOWN","UNKNOWN","UNKNOWN","CATALOG_ONLY; not source reviewed; title ASCII-normalized; dates local day precision; scores transient; no code adopted"
"2026-09-07","mobeenfatimah","Kaggriculture(AgriBot): Heuristic State-Machine","https://www.kaggle.com/code/mobeenfatimah/kaggriculture-agribot-heuristic-state-machine","5","UNKNOWN","UNKNOWN","2026-08-29","UNKNOWN","UNKNOWN","UNKNOWN","UNKNOWN","UNKNOWN","UNKNOWN","UNKNOWN","UNKNOWN","UNKNOWN","UNKNOWN","UNKNOWN","UNKNOWN","CATALOG_ONLY; not source reviewed; title ASCII-normalized; dates local day precision; scores transient; no code adopted"
"2026-09-07","djamilabenchikh","Graph + Reinforcement Learning","https://www.kaggle.com/code/djamilabenchikh/graph-reinforcement-learning","3","UNKNOWN","1153.6","2026-09-02","GNN plus Double DQN residual","UNKNOWN","UNKNOWN","inherited V16","inherited V16","inherited V16","inherited V16","KEEP or delay four premium sales","inherited","UNKNOWN","yes; ipynb downloaded","Apache-2.0; page verified","v3; architecture/config read; 18 training games; AUTO_SUBMIT=True; NEVER executed; title ASCII-normalized; dates local day precision; scores transient; no code adopted"
"2026-09-07","destbreso","From 1 to 24k episodes a second","https://www.kaggle.com/code/destbreso/from-1-to-24k-episodes-a-second","12","UNKNOWN","UNKNOWN","2026-09-01","UNKNOWN","UNKNOWN","UNKNOWN","UNKNOWN","UNKNOWN","UNKNOWN","UNKNOWN","UNKNOWN","UNKNOWN","UNKNOWN","UNKNOWN","UNKNOWN","CATALOG_ONLY; not source reviewed; title ASCII-normalized; dates local day precision; scores transient; no code adopted"
"2026-09-07","destbreso","Island GA | An owned schedule is a moat","https://www.kaggle.com/code/destbreso/island-ga-an-owned-schedule-is-a-moat","12","UNKNOWN","UNKNOWN","2026-09-01","island genetic optimization","UNKNOWN","UNKNOWN","searched genome","searched genome","compiler","compiler","financing-aware deltas","schedule compiler","yes","yes; ipynb downloaded","Apache-2.0; page verified","v18; method and selected outputs read; executor and winning schedules withheld; population-dependent ranking; title ASCII-normalized; dates local day precision; scores transient; no code adopted"
"2026-09-07","vijaikm","Kaggriculture Modular Agent Framework","https://www.kaggle.com/code/vijaikm/kaggriculture-modular-agent-framework","6","UNKNOWN","UNKNOWN","2026-08-23","UNKNOWN","UNKNOWN","UNKNOWN","UNKNOWN","UNKNOWN","UNKNOWN","UNKNOWN","UNKNOWN","UNKNOWN","UNKNOWN","UNKNOWN","UNKNOWN","CATALOG_ONLY; not source reviewed; title ASCII-normalized; dates local day precision; scores transient; no code adopted"
"2026-09-07","bruceqdu","Reinforcement Learning and MCTS: A Tutorial","https://www.kaggle.com/code/bruceqdu/reinforcement-learning-and-mcts-a-tutorial","2","UNKNOWN","UNKNOWN","2026-08-22","UNKNOWN","UNKNOWN","UNKNOWN","UNKNOWN","UNKNOWN","UNKNOWN","UNKNOWN","UNKNOWN","UNKNOWN","UNKNOWN","UNKNOWN","UNKNOWN","CATALOG_ONLY; not source reviewed; title ASCII-normalized; dates local day precision; scores transient; no code adopted"
"2026-09-07","destbreso","The Farm Day as a Routing Problem","https://www.kaggle.com/code/destbreso/the-farm-day-as-a-routing-problem","1","UNKNOWN","UNKNOWN","2026-08-31","UNKNOWN","UNKNOWN","UNKNOWN","UNKNOWN","UNKNOWN","UNKNOWN","UNKNOWN","UNKNOWN","UNKNOWN","UNKNOWN","UNKNOWN","UNKNOWN","CATALOG_ONLY; not source reviewed; title ASCII-normalized; dates local day precision; scores transient; no code adopted"
"2026-09-07","destbreso","Kaggriculture: what kind of optimisation is this?","https://www.kaggle.com/code/destbreso/kaggriculture-what-kind-of-optimisation-is-this","9","UNKNOWN","UNKNOWN","2026-08-26","UNKNOWN","UNKNOWN","UNKNOWN","UNKNOWN","UNKNOWN","UNKNOWN","UNKNOWN","UNKNOWN","UNKNOWN","UNKNOWN","UNKNOWN","UNKNOWN","CATALOG_ONLY; not source reviewed; title ASCII-normalized; dates local day precision; scores transient; no code adopted"
"2026-09-07","stevenleehans","Kaggriculture Rank 238 - Oh You're approaching me?","https://www.kaggle.com/code/stevenleehans/kaggriculture-rank-238-oh-you-re-approaching-me","8","UNKNOWN","1762.7","2026-08-22","UNKNOWN","UNKNOWN","UNKNOWN","UNKNOWN","UNKNOWN","UNKNOWN","UNKNOWN","UNKNOWN","UNKNOWN","UNKNOWN","UNKNOWN","UNKNOWN","CATALOG_ONLY; not source reviewed; title ASCII-normalized; dates local day precision; scores transient; no code adopted"
"2026-09-07","vishal567","Why Tomatoes Lost: A 60-Game Kaggriculture Agent","https://www.kaggle.com/code/vishal567/why-tomatoes-lost-a-60-game-kaggriculture-agent","3","UNKNOWN","UNKNOWN","2026-08-13","UNKNOWN","UNKNOWN","UNKNOWN","UNKNOWN","UNKNOWN","UNKNOWN","UNKNOWN","UNKNOWN","UNKNOWN","UNKNOWN","UNKNOWN","UNKNOWN","CATALOG_ONLY; not source reviewed; title ASCII-normalized; dates local day precision; scores transient; no code adopted"
"2026-09-07","bruceqdu","Two Reinforcement Learning Examples from Kaito V27","https://www.kaggle.com/code/bruceqdu/two-reinforcement-learning-examples-from-kaito-v27","2","UNKNOWN","UNKNOWN","2026-08-13","UNKNOWN","UNKNOWN","UNKNOWN","UNKNOWN","UNKNOWN","UNKNOWN","UNKNOWN","UNKNOWN","UNKNOWN","UNKNOWN","UNKNOWN","UNKNOWN","CATALOG_ONLY; not source reviewed; title ASCII-normalized; dates local day precision; scores transient; no code adopted"
"2026-09-07","daniilkrasnovvv","[Farm] Top solution in LB!","https://www.kaggle.com/code/daniilkrasnovvv/farm-top-solution-in-lb","3","UNKNOWN","707.5","2026-08-11","UNKNOWN","UNKNOWN","UNKNOWN","UNKNOWN","UNKNOWN","UNKNOWN","UNKNOWN","UNKNOWN","UNKNOWN","UNKNOWN","UNKNOWN","UNKNOWN","CATALOG_ONLY; not source reviewed; title ASCII-normalized; dates local day precision; scores transient; no code adopted"
"2026-09-07","dynamo14324","Kaggriculture Starter Guide","https://www.kaggle.com/code/dynamo14324/kaggriculture-starter-guide","2","UNKNOWN","UNKNOWN","2026-08-05","UNKNOWN","UNKNOWN","UNKNOWN","UNKNOWN","UNKNOWN","UNKNOWN","UNKNOWN","UNKNOWN","UNKNOWN","UNKNOWN","UNKNOWN","UNKNOWN","CATALOG_ONLY; not source reviewed; title ASCII-normalized; dates local day precision; scores transient; no code adopted"
"2026-09-07","kaitofukami","159/160 vs Frontier | v20 WEED-Slip Recovery","https://www.kaggle.com/code/kaitofukami/159-160-vs-frontier-v20-weed-slip-recovery","74","UNKNOWN","UNKNOWN","2026-08-05","UNKNOWN","UNKNOWN","UNKNOWN","UNKNOWN","UNKNOWN","UNKNOWN","UNKNOWN","UNKNOWN","UNKNOWN","UNKNOWN","UNKNOWN","UNKNOWN","CATALOG_ONLY; not source reviewed; title ASCII-normalized; dates local day precision; scores transient; no code adopted"
"2026-09-07","blacklions","Kaggriculture v1","https://www.kaggle.com/code/blacklions/kaggriculture-v1","5","UNKNOWN","UNKNOWN","2026-08-02","UNKNOWN","UNKNOWN","UNKNOWN","UNKNOWN","UNKNOWN","UNKNOWN","UNKNOWN","UNKNOWN","UNKNOWN","UNKNOWN","UNKNOWN","UNKNOWN","CATALOG_ONLY; not source reviewed; title ASCII-normalized; dates local day precision; scores transient; no code adopted"
"2026-09-07","destbreso","Wins, not money","https://www.kaggle.com/code/destbreso/wins-not-money","11","UNKNOWN","UNKNOWN","2026-08-15","win-probability evaluation","UNKNOWN","UNKNOWN","not applicable","not applicable","not applicable","not applicable","margin vs win probability","opponent lineage deduplication","yes","yes; ipynb downloaded","Apache-2.0; page verified","v21; reported 32570 episodes; normal/location-scale assumptions and composition claims require critique; not rerun; title ASCII-normalized; dates local day precision; scores transient; no code adopted"
