episode_id,seed,our_seat,opponent,our_reward,their_reward,margin,outcome,win,tie,loss,comeback,blown_lead,max_daily_lead,min_daily_lead,first_negative_day,last_lead_day
111619896,1322268545,0,Nguyễn Trần Thanh Bình,170968.0,89766.0,81202.0,W,True,False,False,False,False,81202.0,0.0,,30
111620979,1845527687,0,Srishanth Sriramula,101902.0,55139.0,46763.0,W,True,False,False,True,False,48576.0,-424.0,1,30
111622090,1746400099,1,AAI,124574.0,76184.0,48390.0,W,True,False,False,True,False,48390.0,-12.0,1,30
111623169,841764807,1,NALLA SUMANG,97795.0,66247.0,31548.0,W,True,False,False,False,False,31548.0,0.0,,30
111624268,1304932003,0,トゲアリトゲナシトゲトゲ,83390.0,61962.0,21428.0,W,True,False,False,True,False,21428.0,-1408.0,1,30
111625391,2038419334,0,Zimin Zhong,112513.0,47936.0,64577.0,W,True,False,False,True,False,64577.0,-3761.0,1,30
111626484,29133361,0,straw hats,134161.0,115573.0,18588.0,W,True,False,False,True,False,18588.0,-3.0,1,30
111627572,367464871,0,questiondlmarks,114111.0,104382.0,9729.0,W,True,False,False,True,False,9729.0,-5868.0,1,30
111628679,1201221944,0,Moshel,80765.0,74280.0,6485.0,W,True,False,False,True,False,6910.0,-1587.0,1,30
111629776,1560127634,0,Nikita Biryukov,107497.0,92815.0,14682.0,W,True,False,False,True,False,14682.0,-14.0,2,30
111630883,1022127651,1,Odyssey,102973.0,91258.0,11715.0,W,True,False,False,True,False,11715.0,-1968.0,8,30
111631993,544138306,1,nyayassist,92921.0,86210.0,6711.0,W,True,False,False,True,False,6968.0,-87.0,8,30
111633118,1268057058,0,Lord Momo,93785.0,90940.0,2845.0,W,True,False,False,True,False,2845.0,-133.0,1,30
111634226,405200060,0,wanhty,118392.0,116591.0,1801.0,W,True,False,False,True,False,1801.0,-262.0,1,30
111635342,295334375,0,Paritosh Kumar Tripathi,98539.0,95823.0,2716.0,W,True,False,False,True,False,2716.0,-443.0,1,30
111636510,1176848600,1,Mainafly,122201.0,119813.0,2388.0,W,True,False,False,True,False,2702.0,-207.0,1,30
111637407,1133377383,0,Hibachi Fried Rice,132161.0,131945.0,216.0,W,True,False,False,True,False,383.0,-84.0,3,30
111637691,1352939987,1,Rodrigo Ramón,115394.0,115762.0,-368.0,L,False,False,True,False,True,336.0,-885.0,1,22
111638484,74436875,0,yuto083,121354.0,120700.0,654.0,W,True,False,False,True,False,928.0,-208.0,1,30
111638858,1650302560,1,lizs,72915.0,71553.0,1362.0,W,True,False,False,True,False,3094.0,-319.0,1,30
111639088,576724234,0,yygg2026,92864.0,93700.0,-836.0,L,False,False,True,False,True,107.0,-836.0,1,29
111639349,397736969,0,TheMightiestMan,121942.0,121882.0,60.0,W,True,False,False,True,False,60.0,-60.0,3,30
111640017,2007778606,1,Duvor Richard,74208.0,74283.0,-75.0,L,False,False,True,False,True,142.0,-141.0,3,28
111641148,49791793,0,farmhouse,71700.0,70950.0,750.0,W,True,False,False,True,False,750.0,-1270.0,1,30
111642288,2109442537,1,Ryoya Tsuruoka,115553.0,115501.0,52.0,W,True,False,False,True,False,52.0,-60.0,3,30
111643412,1067190366,1,Ivan Vorfolomeev,96387.0,96325.0,62.0,W,True,False,False,True,False,62.0,-87.0,4,30
111644541,519564603,1,Malyshev Danil,85260.0,85154.0,106.0,W,True,False,False,True,False,106.0,-11.0,1,30
111645665,909986706,0,Sufi Afifi,116212.0,116212.0,0.0,T,False,True,False,False,False,0.0,0.0,,30
111646780,1665560275,0,Iwa Iwa,99865.0,99817.0,48.0,W,True,False,False,True,False,48.0,-60.0,3,30
111647423,143037940,1,Sergey Kutepov,65285.0,65183.0,102.0,W,True,False,False,True,False,107.0,-10.0,1,30
111647912,91971560,1,渡邊征央,126203.0,126094.0,109.0,W,True,False,False,True,False,109.0,-11.0,1,30
111649037,311238066,0,theredbluepill,109405.0,109296.0,109.0,W,True,False,False,True,False,109.0,-11.0,1,30
111650173,674028905,1,Xman,91517.0,91495.0,22.0,W,True,False,False,True,False,22.0,-90.0,4,30
111651319,1659145470,1,Ivan Vorfolomeev,87277.0,87247.0,30.0,W,True,False,False,True,False,30.0,-90.0,4,30
111652460,733060855,1,Paing,106215.0,106192.0,23.0,W,True,False,False,True,False,27.0,-90.0,4,30
111653701,2040637128,1,Have a nice trip in USST,96645.0,97931.0,-1286.0,L,False,False,True,False,True,88.0,-1341.0,3,15
111653928,1379387857,0,delai50,118446.0,118419.0,27.0,W,True,False,False,True,False,27.0,-90.0,4,30
111654731,201732618,0,kirito83,101184.0,101123.0,61.0,W,True,False,False,True,False,61.0,-87.0,4,30
111655281,1089982278,1,kigasudayooo,119711.0,119711.0,0.0,T,False,True,False,False,False,0.0,0.0,,30
111655862,1431534937,0,hiroshi murakami,93291.0,93066.0,225.0,W,True,False,False,True,False,1047.0,-1121.0,2,30
111655878,1479678123,1,qianqiuwushang,78223.0,78196.0,27.0,W,True,False,False,True,False,27.0,-90.0,4,30
111657013,83047243,1,안녕하세요이세입니다잘부탁드립니다,105974.0,108804.0,-2830.0,L,False,False,True,False,True,19.0,-4269.0,1,3
111658179,1202483993,0,福原 大知,111011.0,111061.0,-50.0,L,False,False,True,False,False,0.0,-50.0,11,10
111659081,1915627203,1,yfy,76438.0,81107.0,-4669.0,L,False,False,True,False,True,8407.0,-10132.0,1,24
111659627,772828678,1,codezzzsleep,80194.0,80387.0,-193.0,L,False,False,True,False,True,109.0,-193.0,1,28
111660438,1441905124,1,Sergey Kutepov,115806.0,115881.0,-75.0,L,False,False,True,False,True,124.0,-203.0,1,26
111660538,1658212201,1,haodou092,82102.0,82074.0,28.0,W,True,False,False,True,False,28.0,-90.0,4,30
111661712,370113105,1,Ugnė Miklovaitė,75126.0,75801.0,-675.0,L,False,False,True,False,True,53.0,-675.0,3,19
111662684,493396186,0,Xman,95078.0,95018.0,60.0,W,True,False,False,True,False,60.0,-60.0,3,30
111663810,428996912,0,rhythm master,74103.0,74723.0,-620.0,L,False,False,True,False,True,109.0,-917.0,1,23
111664925,612253133,0,cqupt_sdq,86917.0,86860.0,57.0,W,True,False,False,True,False,57.0,-60.0,3,30
111665921,463001044,1,BOB,116121.0,116065.0,56.0,W,True,False,False,True,False,925.0,-428.0,1,30
111667191,936050849,0,john inan,122823.0,123282.0,-459.0,L,False,False,True,False,True,24.0,-459.0,1,16
111668081,1286573331,0,CaliforniaDog,116425.0,116330.0,95.0,W,True,False,False,True,False,95.0,-60.0,3,30
111669866,1701489713,0,saberzky,108595.0,108547.0,48.0,W,True,False,False,True,False,48.0,-60.0,3,30
111670571,545564981,0,Masashi Nishimoto,114479.0,114419.0,60.0,W,True,False,False,True,False,60.0,-60.0,3,30
111671723,926560109,1,3정훈,71123.0,72444.0,-1321.0,L,False,False,True,False,True,48.0,-1323.0,3,12
111672999,309112384,0,Nokubonga Ngema,94454.0,94557.0,-103.0,L,False,False,True,False,True,23.0,-103.0,4,28
111674093,498765925,0,Sourabh Nirwanevht,74931.0,74547.0,384.0,W,True,False,False,True,False,1497.0,-600.0,1,30
111675134,2069639205,1,Ju,93548.0,93764.0,-216.0,L,False,False,True,False,True,42.0,-216.0,3,26
111676312,959386851,0,Xman,136606.0,136507.0,99.0,W,True,False,False,True,False,99.0,-60.0,3,30
111677383,18560212,0,Ilya Usmanov,83186.0,83014.0,172.0,W,True,False,False,True,False,641.0,-711.0,4,30
111678602,1450333930,1,XIAO MA,118649.0,135076.0,-16427.0,L,False,False,True,False,True,161.0,-16696.0,1,3
111679459,1310285652,1,Akira Hirohashi,101915.0,101888.0,27.0,W,True,False,False,True,False,27.0,-90.0,4,30
111680020,351496886,1,tangaii,77071.0,77044.0,27.0,W,True,False,False,True,False,27.0,-90.0,4,30
111680753,695932729,1,Владислав Ковкін,74219.0,74143.0,76.0,W,True,False,False,True,False,76.0,-71.0,3,30
111681863,736499434,0,redblackbst,59399.0,66082.0,-6683.0,L,False,False,True,False,True,116.0,-6683.0,1,14
111681896,1187728278,1,Dmytro Maliarenko,103932.0,103938.0,-6.0,L,False,False,True,False,True,10.0,-474.0,3,2
111683140,548872834,0,ScotLee08,139779.0,139719.0,60.0,W,True,False,False,True,False,60.0,-60.0,3,30
111684148,834805585,1,tiki tiki tiki,72808.0,72748.0,60.0,W,True,False,False,True,False,60.0,-60.0,3,30
111684178,1690758805,1,curiosity,78439.0,78793.0,-354.0,L,False,False,True,False,True,134.0,-469.0,4,26
111685293,342032298,0,七月七月晴 忽然下起了大雪 不敢张开眼 希望是我的幻觉,87140.0,88159.0,-1019.0,L,False,False,True,False,True,99.0,-1026.0,24,23
111686417,1341774746,1,Giulio Ravasio,83716.0,84648.0,-932.0,L,False,False,True,False,True,809.0,-1121.0,1,22
111687662,45917305,1,fufufukakaka,106065.0,115041.0,-8976.0,L,False,False,True,False,True,17529.0,-8976.0,1,20
111688467,1397273760,1,Taeyang,66821.0,67345.0,-524.0,L,False,False,True,False,True,462.0,-864.0,3,27
111688865,450134575,1,Chellick,88084.0,86081.0,2003.0,W,True,False,False,True,False,2003.0,-5401.0,3,30
111689951,44235486,0,automatylicza,85393.0,85308.0,85.0,W,True,False,False,True,False,481.0,-441.0,3,30
111691218,1724922189,1,Alperen Söylen,102663.0,102879.0,-216.0,L,False,False,True,False,True,58.0,-216.0,3,27
111697231,1461925088,0,mikelou1,104293.0,106064.0,-1771.0,L,False,False,True,False,True,2501.0,-1771.0,1,25
111700968,98362702,0,Tashfik Salehin,72205.0,72211.0,-6.0,L,False,False,True,False,False,0.0,-38.0,16,15
111701629,356465553,1,haoming yang,55809.0,56320.0,-511.0,L,False,False,True,False,True,27.0,-511.0,5,18
111703011,33183787,0,Sophinator,90109.0,90109.0,0.0,T,False,True,False,False,False,0.0,0.0,,30
111705605,1177544970,1,Sai Reddy Pothireddy,82613.0,82585.0,28.0,W,True,False,False,True,False,28.0,-87.0,4,30
111706626,1332349777,1,Ivan Aleksandrov,109734.0,109704.0,30.0,W,True,False,False,True,False,30.0,-90.0,4,30
111713584,1688491073,1,yw8837,99194.0,98908.0,286.0,W,True,False,False,True,False,286.0,-97.0,4,30
111720989,2010663464,0,Takauchi Suguru,82184.0,82156.0,28.0,W,True,False,False,True,False,28.0,-87.0,4,30
111721113,1457206469,0,dvv_ram,137367.0,137271.0,96.0,W,True,False,False,True,False,96.0,-267.0,3,30
111727848,1994576118,1,yu9824,83884.0,83783.0,101.0,W,True,False,False,True,False,101.0,-87.0,4,30
111729444,1603558510,0,Utkarsh #2,69596.0,68838.0,758.0,W,True,False,False,True,False,758.0,-723.0,24,30
111729640,1910461456,0,Haramball forever!,109665.0,109678.0,-13.0,L,False,False,True,False,True,27.0,-90.0,4,27
111735120,2014579522,0,micro,89565.0,89794.0,-229.0,L,False,False,True,False,True,285.0,-499.0,4,26
111735875,1167499475,1,John Doge,83467.0,84391.0,-924.0,L,False,False,True,False,True,65.0,-924.0,3,25
111736249,308414595,0,Dzmitry Pihulski,70081.0,68725.0,1356.0,W,True,False,False,True,False,1560.0,-141.0,5,30
111739659,1378635185,1,arar tawil,72564.0,72799.0,-235.0,L,False,False,True,False,True,490.0,-538.0,3,27
111742486,1993566517,0,Takauchi Suguru,150762.0,150732.0,30.0,W,True,False,False,True,False,30.0,-90.0,4,30
111743381,1774218884,1,Sankalp Wanjari,95548.0,96525.0,-977.0,L,False,False,True,False,True,410.0,-1067.0,4,24
111744782,1288968858,0,Tashfik Salehin,79533.0,79530.0,3.0,W,True,False,False,True,False,44.0,-74.0,19,30
111745618,655477227,1,BOB,97627.0,97848.0,-221.0,L,False,False,True,False,True,1669.0,-2654.0,1,29
111746427,965577172,0,한밭대학교컴퓨터공학과정우민,87340.0,87457.0,-117.0,L,False,False,True,False,False,0.0,-117.0,16,15
111751506,45927097,1,Justin Yang,99260.0,100111.0,-851.0,L,False,False,True,False,True,3595.0,-1629.0,2,22
111756924,769467380,0,venks,91093.0,91300.0,-207.0,L,False,False,True,False,False,0.0,-279.0,17,16
111762431,1221020210,1,Fried Chicken Lovers,118262.0,118884.0,-622.0,L,False,False,True,False,False,0.0,-723.0,18,17
111765360,1229890130,0,Ali Eren Oğuztaş,68186.0,68199.0,-13.0,L,False,False,True,False,True,27.0,-87.0,4,27
111767870,989491646,0,VAP RF5,133429.0,133402.0,27.0,W,True,False,False,True,False,27.0,-90.0,4,30
111772738,1026859453,0,Hikaru Umeda,125162.0,125090.0,72.0,W,True,False,False,True,False,431.0,-87.0,4,30
111773183,1385291368,0,shiiin9,131460.0,131482.0,-22.0,L,False,False,True,False,True,4.0,-22.0,21,20
111774400,1572686453,0,subsubsubagent,105064.0,105049.0,15.0,W,True,False,False,True,False,15.0,-102.0,1,30
111775845,594533308,1,Quantum Farm,125881.0,125881.0,0.0,T,False,True,False,False,False,0.0,0.0,,30
111781214,1329759304,1,Lynxx,71465.0,71438.0,27.0,W,True,False,False,True,False,27.0,-90.0,4,30
111786057,1901938311,1,Takahiro Saito,131219.0,131281.0,-62.0,L,False,False,True,False,True,54.0,-62.0,3,16
111787874,1714341086,0,Kota Iizuka,79503.0,79503.0,0.0,T,False,True,False,False,False,0.0,0.0,,30
111792601,393638240,0,linchuhan,90988.0,90558.0,430.0,W,True,False,False,True,False,430.0,-620.0,1,30
111792819,1387754912,1,Suyash Verma,79603.0,79682.0,-79.0,L,False,False,True,False,False,0.0,-79.0,15,14
111793089,839789552,0,Yaroslav,73986.0,73999.0,-13.0,L,False,False,True,False,True,24.0,-94.0,1,24
111793461,1517230179,1,Justin Yang,61049.0,56228.0,4821.0,W,True,False,False,True,False,4821.0,-14.0,2,30
111798194,525710130,1,Krizsó Gergely,68069.0,68565.0,-496.0,L,False,False,True,False,True,354.0,-496.0,17,26
111802895,824480382,1,LoveB4Sunrise,87964.0,87717.0,247.0,W,True,False,False,False,False,248.0,0.0,,30
111808059,1380408906,1,tamref,78619.0,78311.0,308.0,W,True,False,False,True,False,554.0,-90.0,4,30
111812965,927543668,0,Sophinator,85152.0,85152.0,0.0,T,False,True,False,False,False,0.0,0.0,,30
111817502,1238257319,1,Zbigniew Kirchner,96599.0,96225.0,374.0,W,True,False,False,True,False,384.0,-27.0,1,30
111822975,1803637036,1,Umut Keltek,95318.0,95479.0,-161.0,L,False,False,True,False,True,4.0,-161.0,28,27
111824756,949045616,1,Ju,75998.0,76035.0,-37.0,L,False,False,True,False,True,645.0,-70.0,3,26
111826807,1714536244,1,Shunsuke Hayashi,115445.0,115431.0,14.0,W,True,False,False,True,False,14.0,-15.0,13,30
111826898,484124170,0,Aniket Sharma,89417.0,90435.0,-1018.0,L,False,False,True,False,False,0.0,-1265.0,11,10
111832053,2020409252,1,Suda,117398.0,118654.0,-1256.0,L,False,False,True,False,False,0.0,-1256.0,18,17
111833044,548502663,1,LR.AIML,108805.0,110026.0,-1221.0,L,False,False,True,False,True,114.0,-1221.0,1,15
111838628,722057217,1,我的AI是豆包,128394.0,128497.0,-103.0,L,False,False,True,False,True,57.0,-103.0,3,27
111839703,359436610,1,takumina,71745.0,72449.0,-704.0,L,False,False,True,False,False,0.0,-822.0,3,2
111845311,974135651,0, Master Bob111,99388.0,99390.0,-2.0,L,False,False,True,False,True,118.0,-90.0,4,25
111851057,1854623526,0,Kurokawa,59172.0,59135.0,37.0,W,True,False,False,True,False,56.0,-60.0,3,30
111853803,1338830798,0,可抽奖的冰棒,124431.0,124010.0,421.0,W,True,False,False,True,False,755.0,-474.0,7,30
111859904,256765266,1,Vasilii Buzmakov,69985.0,69898.0,87.0,W,True,False,False,True,False,141.0,-443.0,4,30
111859924,1879772683,0,JamesJJJJJ,94895.0,94797.0,98.0,W,True,False,False,True,False,133.0,-11.0,1,30
111862746,1669312037,1,Gio,63550.0,63211.0,339.0,W,True,False,False,True,False,448.0,-31.0,7,30
111864962,104504999,0,dk2lone,109364.0,109377.0,-13.0,L,False,False,True,False,True,27.0,-90.0,4,27
111871223,1416101785,1,Владислав Ковкін,102985.0,102842.0,143.0,W,True,False,False,True,False,186.0,-60.0,3,30
111872982,1057790554,0,ZJUwlm,97054.0,97032.0,22.0,W,True,False,False,False,False,22.0,0.0,,30
111876756,1757550257,0,kk.sky.9k,108846.0,108930.0,-84.0,L,False,False,True,False,False,0.0,-84.0,24,23
