agent,Pipe18,V56,IdleSeller,OrderBook,SeedLeak,Clone48,V55,EXP012,EXP014,Race72,Pipe19,MasterV3,DemandPreserving,WheatSeller,MasterV4,MoreWheatSales
Pipe18,--,0.667 (3-2-1),0.667 (3-2-1),0.333 (2-0-4),1.000 (6-0-0),0.500 (3-0-3),0.833 (5-0-1),0.833 (5-0-1),0.833 (5-0-1),0.500 (3-0-3),0.667 (4-0-2),1.000 (6-0-0),0.833 (5-0-1),0.833 (5-0-1),1.000 (6-0-0),1.000 (6-0-0)
V56,0.333 (1-2-3),--,0.500 (1-4-1),0.333 (2-0-4),0.833 (5-0-1),0.333 (2-0-4),0.833 (5-0-1),0.833 (5-0-1),0.833 (5-0-1),0.500 (3-0-3),0.667 (4-0-2),0.833 (5-0-1),0.833 (5-0-1),0.833 (5-0-1),0.833 (5-0-1),0.833 (5-0-1)
IdleSeller,0.333 (1-2-3),0.500 (1-4-1),--,0.333 (2-0-4),0.833 (5-0-1),0.333 (2-0-4),0.833 (5-0-1),0.833 (5-0-1),0.833 (5-0-1),0.500 (3-0-3),0.667 (4-0-2),0.833 (5-0-1),0.833 (5-0-1),0.833 (5-0-1),0.833 (5-0-1),0.833 (5-0-1)
OrderBook,0.667 (4-0-2),0.667 (4-0-2),0.667 (4-0-2),--,0.667 (4-0-2),0.667 (4-0-2),0.667 (4-0-2),0.667 (4-0-2),0.667 (4-0-2),1.000 (6-0-0),0.333 (2-0-4),0.667 (4-0-2),0.667 (4-0-2),0.667 (4-0-2),0.667 (4-0-2),0.667 (4-0-2)
SeedLeak,0.000 (0-0-6),0.167 (1-0-5),0.167 (1-0-5),0.333 (2-0-4),--,0.333 (2-0-4),0.833 (5-0-1),0.833 (5-0-1),0.833 (5-0-1),0.500 (3-0-3),0.667 (4-0-2),0.833 (5-0-1),0.833 (5-0-1),0.833 (5-0-1),0.833 (5-0-1),0.833 (5-0-1)
Clone48,0.500 (3-0-3),0.667 (4-0-2),0.667 (4-0-2),0.333 (2-0-4),0.667 (4-0-2),--,0.667 (4-0-2),0.500 (3-0-3),0.500 (3-0-3),0.833 (5-0-1),0.333 (2-0-4),0.667 (4-0-2),0.500 (3-0-3),0.500 (3-0-3),0.667 (4-0-2),0.667 (4-0-2)
V55,0.167 (1-0-5),0.167 (1-0-5),0.167 (1-0-5),0.333 (2-0-4),0.167 (1-0-5),0.333 (2-0-4),--,0.833 (5-0-1),0.833 (5-0-1),0.500 (3-0-3),0.667 (4-0-2),0.833 (5-0-1),0.833 (5-0-1),0.833 (5-0-1),0.833 (5-0-1),0.833 (5-0-1)
EXP012,0.167 (1-0-5),0.167 (1-0-5),0.167 (1-0-5),0.333 (2-0-4),0.167 (1-0-5),0.500 (3-0-3),0.167 (1-0-5),--,0.500 (1-4-1),0.500 (3-0-3),0.667 (4-0-2),0.500 (1-4-1),0.500 (3-0-3),0.833 (5-0-1),0.833 (5-0-1),0.833 (5-0-1)
EXP014,0.167 (1-0-5),0.167 (1-0-5),0.167 (1-0-5),0.333 (2-0-4),0.167 (1-0-5),0.500 (3-0-3),0.167 (1-0-5),0.500 (1-4-1),--,0.500 (3-0-3),0.667 (4-0-2),0.500 (1-4-1),0.500 (3-0-3),0.833 (5-0-1),0.833 (5-0-1),0.833 (5-0-1)
Race72,0.500 (3-0-3),0.500 (3-0-3),0.500 (3-0-3),0.000 (0-0-6),0.500 (3-0-3),0.167 (1-0-5),0.500 (3-0-3),0.500 (3-0-3),0.500 (3-0-3),--,0.333 (2-0-4),0.500 (3-0-3),0.500 (3-0-3),0.500 (3-0-3),0.667 (4-0-2),0.667 (4-0-2)
Pipe19,0.333 (2-0-4),0.333 (2-0-4),0.333 (2-0-4),0.667 (4-0-2),0.333 (2-0-4),0.667 (4-0-2),0.333 (2-0-4),0.333 (2-0-4),0.333 (2-0-4),0.667 (4-0-2),--,0.333 (2-0-4),0.500 (3-0-3),0.500 (3-0-3),0.500 (3-0-3),0.500 (3-0-3)
MasterV3,0.000 (0-0-6),0.167 (1-0-5),0.167 (1-0-5),0.333 (2-0-4),0.167 (1-0-5),0.333 (2-0-4),0.167 (1-0-5),0.500 (1-4-1),0.500 (1-4-1),0.500 (3-0-3),0.667 (4-0-2),--,0.500 (3-0-3),0.833 (5-0-1),0.833 (5-0-1),0.833 (5-0-1)
DemandPreserving,0.167 (1-0-5),0.167 (1-0-5),0.167 (1-0-5),0.333 (2-0-4),0.167 (1-0-5),0.500 (3-0-3),0.167 (1-0-5),0.500 (3-0-3),0.500 (3-0-3),0.500 (3-0-3),0.500 (3-0-3),0.500 (3-0-3),--,0.667 (3-2-1),0.667 (3-2-1),0.667 (3-2-1)
WheatSeller,0.167 (1-0-5),0.167 (1-0-5),0.167 (1-0-5),0.333 (2-0-4),0.167 (1-0-5),0.500 (3-0-3),0.167 (1-0-5),0.167 (1-0-5),0.167 (1-0-5),0.500 (3-0-3),0.500 (3-0-3),0.167 (1-0-5),0.333 (1-2-3),--,0.500 (1-4-1),0.500 (1-4-1)
MasterV4,0.000 (0-0-6),0.167 (1-0-5),0.167 (1-0-5),0.333 (2-0-4),0.167 (1-0-5),0.333 (2-0-4),0.167 (1-0-5),0.167 (1-0-5),0.167 (1-0-5),0.333 (2-0-4),0.500 (3-0-3),0.167 (1-0-5),0.333 (1-2-3),0.500 (1-4-1),--,0.500 (1-4-1)
MoreWheatSales,0.000 (0-0-6),0.167 (1-0-5),0.167 (1-0-5),0.333 (2-0-4),0.167 (1-0-5),0.333 (2-0-4),0.167 (1-0-5),0.167 (1-0-5),0.167 (1-0-5),0.333 (2-0-4),0.500 (3-0-3),0.167 (1-0-5),0.333 (1-2-3),0.500 (1-4-1),0.500 (1-4-1),--
