rank,agent,games,wins,ties,losses,match_points,wilson95_low,wilson95_high,mean_margin,median_margin
1,Pipe18,90,67,4,19,0.7666666666666667,0.6694810141144782,0.8420192160606255,84.71111111111111,56.0
2,V56,90,58,6,26,0.6777777777777778,0.5756664407220551,0.765333712728014,54.91111111111111,56.0
3,IdleSeller,90,58,6,26,0.6777777777777778,0.5756664407220551,0.765333712728014,54.91111111111111,56.0
4,OrderBook,90,60,0,30,0.6666666666666666,0.5642212433918371,0.7554664004676025,207.64444444444445,346.0
5,SeedLeak,90,53,0,37,0.5888888888888889,0.48563048727714275,0.6848695894478919,4.711111111111111,14.0
6,Clone48,90,52,0,38,0.5777777777777777,0.4746099802268749,0.6745775869075303,174.24444444444444,30.5
7,V55,90,50,0,40,0.5555555555555556,0.4527174112548652,0.6538451366982815,-35.422222222222224,1.0
8,EXP012,90,37,8,45,0.45555555555555555,0.3565944565658975,0.5581555050715851,-36.13333333333333,-0.5
9,EXP014,90,37,8,45,0.45555555555555555,0.3565944565658975,0.5581555050715851,-36.13333333333333,-0.5
10,Race72,90,41,0,49,0.45555555555555555,0.3565944565658975,0.5581555050715851,-102.73333333333333,-12.0
11,Pipe19,90,40,0,50,0.4444444444444444,0.3461548633017185,0.5472825887451348,-9.133333333333333,-91.0
12,MasterV3,90,35,8,47,0.43333333333333335,0.33576405263265097,0.5363608898235731,-61.37777777777778,-5.0
13,DemandPreserving,90,34,6,50,0.4111111111111111,0.3151304105521081,0.5143695127228572,-51.77777777777778,-30.0
14,WheatSeller,90,22,10,58,0.3,0.2151077805125653,0.4012670468561069,-65.97777777777777,-30.5
15,MasterV4,90,19,10,61,0.26666666666666666,0.18623692042961365,0.3662003781671706,-91.22222222222223,-33.5
16,MoreWheatSales,90,19,10,61,0.26666666666666666,0.18623692042961365,0.3662003781671706,-91.22222222222223,-33.5
