ref,title,author,lastRunTime,totalVotes

dmitriigluzdov/kaggriculture-one-more-wheat,Kaggriculture: One More Wheat,Dmitrii Gluzdov,2026-09-20 17:25:38.703000,25

dmitriigluzdov/kaggriculture-a-smaller-market-shock,Kaggriculture: A Smaller Market Shock,Dmitrii Gluzdov,2026-09-19 15:16:19.027000,53

nathanjacob/kaggriculture-pipe16-idle-workers,Kaggriculture Pipe16 Idle Workers,Nathan Jacob,2026-09-20 10:43:53.643000,51

haodou092/kaggriculture-harvest-ledger,Kaggriculture | Harvest Ledger,haodou092,2026-09-20 12:32:49.120000,43

degnonguidi/best-agent-ranking,best_agent_ranking,renji_starfall,2026-09-20 18:45:06.633000,55

lynnsakurai/farmer-john-and-the-idle-seller,Farmer John and the Idle Seller,Arlene,2026-09-20 18:47:07.297000,6

ahmedberatozer/kaggriculture-v47-reactive-market-coordination,Kaggriculture V47 — Reactive Market Coordination,Ahmed Berat Özer,2026-09-17 15:44:32.023000,59

guruprasaathas111/kaggriculture-master-engine-v3,Kaggriculture Master Engine V3,Guru Prasaath S,2026-09-20 11:50:01.317000,83

tetsutani/demand-preserving-turn-sale-timing,🌾 Demand-Preserving Turn Sale Timing,tetsu2131,2026-09-20 15:50:41.743000,77

haideptry/the-2950-peak-farm,The 2950 Peak Farm,haideptry,2026-09-21 03:19:29.350000,5

dmitriigluzdov/kaggriculture-more-wheat-smarter-sales,"Kaggriculture: More Wheat, Smarter Sales",Dmitrii Gluzdov,2026-09-21 05:58:12.390000,16

hanifnoerrofiq/a-wonderful-life,A wonderful Life,Hanif Noer Rofiq,2026-09-20 02:27:48.983000,1

romantamrazov/kaggriculture-yummers,Kaggriculture | Yummers,Roman Tamrazov,2026-09-20 16:23:58.023000,11

ahmedberatozer/kaggriculture-v38-smarter-feed-stronger-margins,"Kaggriculture V38 Smarter Feed, Stronger Margins",Ahmed Berat Özer,2026-09-12 20:04:38.597000,94

ahmedberatozer/kaggriculture-v39-ready-before-the-rush,Kaggriculture V39 — Ready Before the Rush,Ahmed Berat Özer,2026-09-13 09:37:07.487000,54

thomastschinkel/the-metav4-farm-submission-v13,The Metav4 Farm: Submission v13,Thomas Tschinkel,2026-09-20 06:58:38.693000,87

ahmedberatozer/kaggriculture-v34-observed-market-timing,Kaggriculture v34 — Observed Market Timing,Ahmed Berat Özer,2026-09-11 19:06:31.287000,27

anhadmahajan06/kaggriculture-autonomous-ai-farming-agent,Kaggriculture: Autonomous AI Farming Agent,Anhad Mahajan,2026-09-20 12:00:18.467000,7

ahmedberatozer/kaggriculture-v53-opening-signature,Kaggriculture V53 — Opening Signature ,Ahmed Berat Özer,2026-09-20 14:00:38.033000,9

ahmedberatozer/kaggriculture-v41-review-candidate,Kaggriculture V41 — Review Candidate,Ahmed Berat Özer,2026-09-13 22:21:39.587000,80

guruprasaathas111/kaggriculture-master-engine-v53e01d74d8f,kaggriculture-master-engine-v53e01d74d8f,Guru Prasaath S,2026-09-13 11:25:11.587000,7

ahmedberatozer/kaggriculture-v31-production-and-sale-priority, Kaggriculture v31 — Production and Sale Priority,Ahmed Berat Özer,2026-09-11 19:07:02.210000,33

haideptry/the-2965-master-hybrid-engine,The 2965 Master Hybrid Engine,haideptry,2026-09-21 03:31:32.847000,1

ravi123a321at/177-180-fresh-top-30-v21-1-conditional-memory,177/180 Fresh Top-30 | v21.1 Conditional Memory,Ravindra,2026-08-06 10:39:24.337000,10

aurax7/kaggriculture-shop-router-reactive-v7,Kaggriculture_shop_router_reactive_v7,Yaxon,2026-09-17 04:33:50.430000,32

nathanjacob/kaggriculture-pipe-5-terminal-boost,Kaggriculture: Pipe-5 Terminal Boost,Nathan Jacob,2026-09-15 14:29:48.357000,10

reyhanksatria/best-market-agent-high-strategy,best market agent - high strategy,Reyhan Ksatria,2026-08-14 20:34:03.027000,16

ahmedberatozer/kaggriculture-v45-first-turn-wheat-round-trip,Kaggriculture V45: First-Turn Wheat Round Trip,Ahmed Berat Özer,2026-09-15 19:51:35.457000,87

degnonguidi/kaggriculture-cloning-agent,kaggriculture_cloning_agent,renji_starfall,2026-09-15 23:19:51.900000,59

web3cainiao/kaggriculture-v21-tactical-memory,Kaggriculture v21 Tactical Memory,webcainiao,2026-08-06 04:54:45.720000,10

sunil123kumar/kaggriculture-idle-workers,Kaggriculture - Idle Workers,sunil kumar,2026-09-21 04:45:38.070000,1

guruprasaathas111/kaggriculture-top-2-master-engine-v4,Kaggriculture (TOP 2 )Master Engine V4 ,Guru Prasaath S,2026-09-21 06:47:40.643000,18

nathanjacob/kaggriculture-pipe-7-wheat-microstructure,Kaggriculture: Pipe-7 Wheat Microstructure,Nathan Jacob,2026-09-16 10:55:40.357000,62

guruprasaathas111/game-theoretic-master-discrete-optimization, Game-Theoretic Master: Discrete Optimization ,Guru Prasaath S,2026-09-19 08:31:32.153000,21

ahmedberatozer/kaggriculture-v49-funded-sale-timing-and-worker,Kaggriculture V49 : Funded sale timing and worker ,Ahmed Berat Özer,2026-09-19 08:00:46.180000,19

nusrati/2715-6,2715.6,nusrati,2026-09-08 14:41:15.240000,4

ahmedberatozer/kaggriculture-v36-guarded-four-turn-sales,Kaggriculture V36 — Guarded Four-Turn Sales,Ahmed Berat Özer,2026-09-11 17:08:21.753000,26

andrewsokolovsky/kaggriculture,Kaggriculture,Andrey Naymushin,2026-08-08 14:15:23.683000,15

ahmedberatozer/kaggriculture-v51-lean-flock,Kaggriculture V51 — Lean Flock,Ahmed Berat Özer,2026-09-20 09:21:02.013000,3

evgendvorkin/kaggriculture,Kaggriculture,Дворкин Евгений Владимирович,2026-09-19 20:39:38.850000,59

nathanjacob/kaggriculture-pipe15-two-layers,Kaggriculture Pipe15 Two Layers,Nathan Jacob,2026-09-20 08:48:04.160000,0

alperen5252525/kaggriculture-market-rhythm-sale-policy,Kaggriculture: Market Rhythm - Sale Policy,Alperen Aydın,2026-09-19 10:23:54.133000,16

laveshjadon/kagriculture-winning-notebook,Kagriculture Winning_Notebook,lavesh Jadon,2026-09-19 23:25:11.940000,7

haideptry/demystifying-2900-meta-reflex-engine-and-bot,Demystifying 2900 Meta Reflex Engine and Bot,haideptry,2026-09-19 17:50:52.820000,4

avioon/kaggriculture-apex-v7-god-emperor,Kaggriculture Apex V7 God Emperor,VELVRIN,2026-09-04 16:27:14.563000,56

goodpjw2008/kaggriculture-melon-threshold-squeeze-2749,Kaggriculture: Melon threshold squeeze [2749],goodpjw2008,2026-09-19 01:26:05.127000,4

boatlee/v13-r3-top-meta-order-safe-premium-control,V13-R3 | Top-Meta Order-Safe Premium Control,boatlee,2026-08-06 08:14:29.773000,16

nathanjacob/kaggriculture-pipe-8-clean-opening,Kaggriculture: Pipe-8 Clean Opening,Nathan Jacob,2026-09-16 17:14:54.863000,5

crystalbaby/god-s-mode-hacked-stores,👁️God's mode. Hacked stores.,Vanshika,2026-09-21 03:36:57.687000,2

ahmedberatozer/kaggriculture-v35-reactive-sales-sheep-expansi,Kaggriculture V35 — Reactive Sales & Sheep Expansi,Ahmed Berat Özer,2026-09-11 13:28:21.907000,40

sunil123kumar/kaggriculture-v6,Kaggriculture v6,sunil kumar,2026-09-14 09:18:59.717000,8

tetsutani/shape-the-shop-work-the-pasture-kaggriculture,🌾 Shape the Shop Work the Pasture | Kaggriculture,tetsu2131,2026-09-06 17:07:49.117000,126

lynnsakurai/farming-score-v4-a-better-shop,Farming Score V4: A Better Shop,Arlene,2026-09-14 14:20:55.903000,52

ryanmyers03/kaggriculture-agent-v1,Kaggriculture Agent v1,Ryan Myers,2026-08-16 01:29:51.197000,1

aurax7/kaggriculture-shop-router-reactive-v2,Kaggriculture_shop_router_reactive_v2,Yaxon,2026-09-09 10:11:15.137000,27

prvsiyan/kaggriculture-frontier-the-soil-remembers-rain,Kaggriculture Frontier | The Soil Remembers Rain,prvsiyan,2026-09-20 21:42:29.683000,103

ahmedberatozer/more-yield-smarter-labor,"More Yield, Smarter Labor",Ahmed Berat Özer,2026-09-12 00:09:07.387000,107

lynnsakurai/farming-score-v5-timing-optimized,Farming Score V5: Timing Optimized,Arlene,2026-09-15 05:35:03.837000,27

ahmedberatozer/kaggriculture-v25-new-production-routes-with-rea,Kaggriculture v25 — New Production Routes with Rea,Ahmed Berat Özer,2026-09-11 19:07:50.400000,23

llccqq624/kaggriculture-top-5-meta-ensemble,Kaggriculture Top-5 Meta Ensemble,Jiachen Li,2026-08-06 09:45:08.567000,11

alperen5252525/kaggriculture-first-in-line-stock-into-income,Kaggriculture: First in Line - Stock Into Income,Alperen Aydın,2026-09-18 15:20:13.387000,59

ahmedberatozer/kaggriculture-v54-productive-wheat-and-patient, Kaggriculture V54 — Productive Wheat and Patient ,Ahmed Berat Özer,2026-09-21 08:26:55.227000,0

flexonafft/kaggriculture-adaptive-farm-intelligence,Kaggriculture | Adaptive Farm Intelligence,Igor Zharov,2026-09-05 08:36:43.083000,54

prvsiyan/kaggle-frontier-lab-strategy-improvement,Kaggle Frontier Lab | Strategy Improvement,prvsiyan,2026-08-02 18:49:18.977000,59

boatlee/v16-rc2-high-score-near-mirror-market-relay,V16-RC2 | High-Score Near-Mirror Market Relay,boatlee,2026-08-10 11:33:49.127000,81

stevenleehans/kaggriculture-x544-nah-i-d-win,"Kaggriculture X544 - Nah, I'd Win.",stevenleehans,2026-08-21 07:14:40.910000,29

hboyang/kitex-v0,KiteX v0,Byer,2026-08-25 15:57:09.867000,5

yamakawanin/kaggriculture-adaptive-public-state-multi-route,Kaggriculture — Adaptive Public-State Multi-Route,Roxy,2026-08-25 06:06:33.767000,25

prvsiyan/kaggriculture-baseline,Kaggriculture Baseline,prvsiyan,2026-08-09 21:39:58.700000,11

y3uanm/kaggriculture-conservative-market-router-v5,Kaggriculture Conservative Market Router v5,y3uanm,2026-09-08 02:40:49.467000,2

ahmedberatozer/kaggriculture-v46-first-turn-microstructure-and-s,Kaggriculture V46: First-Turn Microstructure and S,Ahmed Berat Özer,2026-09-16 22:04:07.597000,70

crystalbaby/market-smart-farming-kaggriculture,🌾 Market-Smart Farming | Kaggriculture,Vanshika,2026-09-10 09:55:36.907000,5

llccqq624/kaggriculture-dual-market-relay,Kaggriculture | Dual Market Relay,Jiachen Li,2026-08-11 16:57:58.807000,3

foysalemonshanto/read-the-market-choose-the-farm,"ðŸŒ¾ Read the Market, Choose the Farm ðŸ“ˆ",FOYSAL,2026-08-14 05:31:25.033000,6

prvsiyan/where-the-wheat-remembers-tomorrow-kaggriculture,Where the Wheat Remembers Tomorrow | Kaggriculture,prvsiyan,2026-09-05 09:07:00.843000,12

flexonafft/kaggriculture-multi-route-farming-agent,Kaggriculture | Multi-Route Farming Agent,Igor Zharov,2026-09-16 12:20:18.580000,93

reyhanksatria/kaggriculture-dynamic-route-agent,Kaggriculture: Dynamic Route Agent,Reyhan Ksatria,2026-09-16 06:30:39.517000,85

dmitriigluzdov/kaggriculture-herd-safe-sale-window-lb-2700,Kaggriculture: Herd-Safe Sale Window | LB 2700,Dmitrii Gluzdov,2026-09-10 12:06:44.680000,63

ayodejiibrahimlateef/kaggriculture-cloning-v45-open-78-experiment,Kaggriculture Cloning V45 Open 78 Experiment,Ayodeji,2026-09-16 16:07:48.950000,5

kaitofukami/238-238-known-streams-v58-minimax-closed-loop,238/238 Known Streams | v58 Minimax Closed Loop,Kaito Fukami,2026-09-01 07:15:26.177000,47

boatlee/v29-r1-adaptive-market-hysteresis,V29-R1 | Adaptive Market Hysteresis,boatlee,2026-09-02 05:42:01.100000,69

llccqq624/kaggriculture-weedproof-clone-market,Kaggriculture | Weedproof Clone Market,Jiachen Li,2026-08-11 16:57:59.483000,5

llccqq624/kaggriculture-the-shops-remember-the-route,Kaggriculture | The Shops Remember the Route,Jiachen Li,2026-08-23 19:41:07.043000,6

lucifer19/kaggriculture-night-harvest,🌾🚜Kaggriculture: Night Harvest,Krizsó Gergely,2026-08-07 07:50:20.830000,43

tokenjunkielabs/tokenjunkielabs-farm-manager,TokenJunkieLabs Farm Manager,Bryce Muhlnickel,2026-09-09 10:15:36.990000,1

stevenleehans/kaggriculture-rank-580-lord-momo-returns,Kaggriculture Rank 580 - Lord Momo Returns,stevenleehans,2026-09-12 12:14:45.290000,9

ameythakur20/kaggriculture-premium-first-market-agent,Kaggriculture: Premium-First Market Agent,Amey Thakur,2026-08-25 12:00:10.323000,20

rohitt94/kaggriculture-route-replay-agent,Kaggriculture_Route_Replay_Agent,Rohitt_94,2026-09-14 11:48:27.197000,13

crystalbaby/kaggriculture-dynamic-route-agent,Kaggriculture: Dynamic Route Agent,Vanshika,2026-09-12 12:39:25.313000,16

renjistarfall/kaggriculture-best-agent,kaggriculture_best_agent,Renji Starfall,2026-09-13 14:11:05.950000,8

rahuljiwane/kaggriculture-rahul-jiwane,Kaggriculture: Rahul Jiwane,Rahul Jiwane,2026-08-06 15:36:11.977000,6

reyhanksatria/kaggriculture-adaptive-shop-guard,Kaggriculture: Adaptive Shop Guard,Reyhan Ksatria,2026-08-25 02:59:42.743000,35

kaitofukami/103-128-fresh-public-v43-sparse-shop-hybrid,103/128 Fresh Public | v43 Sparse Shop Hybrid,Kaito Fukami,2026-08-23 15:43:16.320000,78

lokesh0252/kaggriculture-v1,kaggriculture_v1,Lokesh Prajapat,2026-09-12 18:20:12.120000,1

llccqq624/kaggriculture-premium-queue-split,Kaggriculture | Premium Queue Split,Jiachen Li,2026-08-24 15:51:03.750000,6

pilkwang/kaggriculture-precomputed-schedule-policy,Kaggriculture Precomputed Schedule Policy,Pilkwang Kim,2026-08-15 13:16:50.113000,17

navazshfathi/shop-router-0908,Shop Router 0908,navazsh fathi,2026-09-08 11:51:18.580000,3

tetsutani/adaptive-farming-strategy-for-kaggriculture,🌾Adaptive Farming Strategy for Kaggriculture,tetsu2131,2026-08-19 23:57:35.430000,143

yhay81/shop-router-0913,Shop Router 0913,Yusuke Hayashi,2026-09-13 09:39:26.243000,4

indarkarhana/rank-top10-read-the-market-choose-the-farm,"🌾 (Rank Top10)Read the Market, Choose the Farm 📈",Indar Karhana,2026-08-13 23:17:44.317000,69

