episode,frame,observation_day,player,name,money,layout,shops,prices
115649229,0,0,0,DECEM,3000.0,{},[],"{""CARROT"": 35, ""EGG"": 50, ""FERTILIZER"": 100, ""MELON"": 250, ""MILK"": 160, ""STRAWBERRY"": 120, ""TOMATO"": 60, ""WHEAT"": 25, ""WOOL"": 200}"
115649229,0,0,1,M & M & P & Q,3000.0,{},[],"{""CARROT"": 35, ""EGG"": 50, ""FERTILIZER"": 100, ""MELON"": 250, ""MILK"": 160, ""STRAWBERRY"": 120, ""TOMATO"": 60, ""WHEAT"": 25, ""WOOL"": 200}"
115649229,24,1,0,DECEM,4.0,"{""WHEAT"": 12, ""MELON"": 6, ""COW"": 2, ""SHEEP"": 3}",[],"{""CARROT"": 35, ""EGG"": 50, ""FERTILIZER"": 100, ""MELON"": 256, ""MILK"": 169, ""STRAWBERRY"": 128, ""TOMATO"": 60, ""WHEAT"": 28, ""WOOL"": 206}"
115649229,24,1,1,M & M & P & Q,14.0,"{""WHEAT"": 11, ""MELON"": 6, ""COW"": 2, ""SHEEP"": 3}",[],"{""CARROT"": 35, ""EGG"": 50, ""FERTILIZER"": 100, ""MELON"": 256, ""MILK"": 169, ""STRAWBERRY"": 128, ""TOMATO"": 60, ""WHEAT"": 28, ""WOOL"": 206}"
115649229,48,2,0,DECEM,112.0,"{""WHEAT"": 12, ""MELON"": 8, ""COW"": 2, ""SHEEP"": 3}",[],"{""CARROT"": 35, ""EGG"": 50, ""FERTILIZER"": 98, ""MELON"": 260, ""MILK"": 172, ""STRAWBERRY"": 132, ""TOMATO"": 60, ""WHEAT"": 29, ""WOOL"": 209}"
115649229,48,2,1,M & M & P & Q,11.0,"{""WHEAT"": 11, ""MELON"": 9, ""COW"": 2, ""SHEEP"": 3}",[],"{""CARROT"": 35, ""EGG"": 50, ""FERTILIZER"": 98, ""MELON"": 260, ""MILK"": 172, ""STRAWBERRY"": 132, ""TOMATO"": 60, ""WHEAT"": 29, ""WOOL"": 209}"
115649229,72,3,0,DECEM,6.0,"{""WHEAT"": 8, ""STRAWBERRY"": 1, ""MELON"": 10, ""COW"": 3, ""SHEEP"": 3}","[""ICE_CREAM_SHOP""]","{""CARROT"": 35, ""EGG"": 50, ""FERTILIZER"": 96, ""MELON"": 262, ""MILK"": 175, ""STRAWBERRY"": 135, ""TOMATO"": 60, ""WHEAT"": 29, ""WOOL"": 212}"
115649229,72,3,1,M & M & P & Q,14.0,"{""WHEAT"": 8, ""STRAWBERRY"": 1, ""MELON"": 10, ""COW"": 3, ""SHEEP"": 3}","[""ICE_CREAM_SHOP""]","{""CARROT"": 35, ""EGG"": 50, ""FERTILIZER"": 96, ""MELON"": 262, ""MILK"": 175, ""STRAWBERRY"": 135, ""TOMATO"": 60, ""WHEAT"": 29, ""WOOL"": 212}"
115649229,96,4,0,DECEM,59.0,"{""WHEAT"": 3, ""STRAWBERRY"": 4, ""MELON"": 10, ""COW"": 4, ""SHEEP"": 3}","[""ICE_CREAM_SHOP""]","{""CARROT"": 35, ""EGG"": 50, ""FERTILIZER"": 94, ""MELON"": 264, ""MILK"": 187, ""STRAWBERRY"": 147, ""TOMATO"": 60, ""WHEAT"": 29, ""WOOL"": 214}"
115649229,96,4,1,M & M & P & Q,6.0,"{""STRAWBERRY"": 4, ""WHEAT"": 3, ""MELON"": 10, ""COW"": 4, ""SHEEP"": 3}","[""ICE_CREAM_SHOP""]","{""CARROT"": 35, ""EGG"": 50, ""FERTILIZER"": 94, ""MELON"": 264, ""MILK"": 187, ""STRAWBERRY"": 147, ""TOMATO"": 60, ""WHEAT"": 29, ""WOOL"": 214}"
115649229,120,5,0,DECEM,4.0,"{""STRAWBERRY"": 5, ""WHEAT"": 1, ""COW"": 6, ""MELON"": 10, ""SHEEP"": 3}","[""ICE_CREAM_SHOP""]","{""CARROT"": 35, ""EGG"": 50, ""FERTILIZER"": 91, ""MELON"": 266, ""MILK"": 196, ""STRAWBERRY"": 155, ""TOMATO"": 61, ""WHEAT"": 27, ""WOOL"": 215}"
115649229,120,5,1,M & M & P & Q,51.0,"{""STRAWBERRY"": 4, ""WHEAT"": 1, ""COW"": 6, ""MELON"": 10, ""SHEEP"": 3}","[""ICE_CREAM_SHOP""]","{""CARROT"": 35, ""EGG"": 50, ""FERTILIZER"": 91, ""MELON"": 266, ""MILK"": 196, ""STRAWBERRY"": 155, ""TOMATO"": 61, ""WHEAT"": 27, ""WOOL"": 215}"
115649229,144,6,0,DECEM,10.0,"{""STRAWBERRY"": 6, ""COW"": 6, ""MELON"": 10, ""SHEEP"": 3}","[""ICE_CREAM_SHOP"", ""BAKERY""]","{""CARROT"": 35, ""EGG"": 50, ""FERTILIZER"": 87, ""MELON"": 267, ""MILK"": 203, ""STRAWBERRY"": 161, ""TOMATO"": 61, ""WHEAT"": 30, ""WOOL"": 217}"
115649229,144,6,1,M & M & P & Q,64.0,"{""STRAWBERRY"": 5, ""COW"": 7, ""MELON"": 10, ""SHEEP"": 3}","[""ICE_CREAM_SHOP"", ""BAKERY""]","{""CARROT"": 35, ""EGG"": 50, ""FERTILIZER"": 87, ""MELON"": 267, ""MILK"": 203, ""STRAWBERRY"": 161, ""TOMATO"": 61, ""WHEAT"": 30, ""WOOL"": 217}"
115649229,168,7,0,DECEM,38.0,"{""STRAWBERRY"": 23, ""COW"": 8, ""MELON"": 11, ""WHEAT"": 1, ""GOOSE"": 2, ""SHEEP"": 3}","[""ICE_CREAM_SHOP"", ""BAKERY""]","{""CARROT"": 36, ""EGG"": 51, ""FERTILIZER"": 83, ""MELON"": 268, ""MILK"": 208, ""STRAWBERRY"": 167, ""TOMATO"": 61, ""WHEAT"": 32, ""WOOL"": 151}"
115649229,168,7,1,M & M & P & Q,259.0,"{""STRAWBERRY"": 25, ""COW"": 8, ""MELON"": 12, ""SHEEP"": 3, ""GOOSE"": 1}","[""ICE_CREAM_SHOP"", ""BAKERY""]","{""CARROT"": 36, ""EGG"": 51, ""FERTILIZER"": 83, ""MELON"": 268, ""MILK"": 208, ""STRAWBERRY"": 167, ""TOMATO"": 61, ""WHEAT"": 32, ""WOOL"": 151}"
115649229,192,8,0,DECEM,166.0,"{""STRAWBERRY"": 23, ""COW"": 8, ""MELON"": 11, ""WHEAT"": 2, ""GOOSE"": 3, ""SHEEP"": 3}","[""ICE_CREAM_SHOP"", ""BAKERY""]","{""CARROT"": 36, ""EGG"": 51, ""FERTILIZER"": 80, ""MELON"": 269, ""MILK"": 214, ""STRAWBERRY"": 172, ""TOMATO"": 61, ""WHEAT"": 34, ""WOOL"": 154}"
115649229,192,8,1,M & M & P & Q,439.0,"{""STRAWBERRY"": 25, ""COW"": 8, ""MELON"": 12, ""SHEEP"": 3, ""GOOSE"": 2}","[""ICE_CREAM_SHOP"", ""BAKERY""]","{""CARROT"": 36, ""EGG"": 51, ""FERTILIZER"": 80, ""MELON"": 269, ""MILK"": 214, ""STRAWBERRY"": 172, ""TOMATO"": 61, ""WHEAT"": 34, ""WOOL"": 154}"
115649229,216,9,0,DECEM,246.0,"{""STRAWBERRY"": 23, ""COW"": 8, ""MELON"": 12, ""WHEAT"": 13, ""GOOSE"": 6, ""SHEEP"": 3, ""TOMATO"": 3}","[""ICE_CREAM_SHOP"", ""BAKERY"", ""BAKERY""]","{""CARROT"": 36, ""EGG"": 52, ""FERTILIZER"": 74, ""MELON"": 270, ""MILK"": 200, ""STRAWBERRY"": 176, ""TOMATO"": 61, ""WHEAT"": 36, ""WOOL"": 158}"
115649229,216,9,1,M & M & P & Q,416.0,"{""STRAWBERRY"": 25, ""COW"": 8, ""MELON"": 12, ""SHEEP"": 3, ""GOOSE"": 4, ""WHEAT"": 14, ""TOMATO"": 2}","[""ICE_CREAM_SHOP"", ""BAKERY"", ""BAKERY""]","{""CARROT"": 36, ""EGG"": 52, ""FERTILIZER"": 74, ""MELON"": 270, ""MILK"": 200, ""STRAWBERRY"": 176, ""TOMATO"": 61, ""WHEAT"": 36, ""WOOL"": 158}"
115649229,240,10,0,DECEM,544.0,"{""STRAWBERRY"": 23, ""COW"": 8, ""MELON"": 12, ""WHEAT"": 17, ""GOOSE"": 9, ""SHEEP"": 3, ""TOMATO"": 3}","[""ICE_CREAM_SHOP"", ""BAKERY"", ""BAKERY""]","{""CARROT"": 36, ""EGG"": 52, ""FERTILIZER"": 70, ""MELON"": 271, ""MILK"": 206, ""STRAWBERRY"": 181, ""TOMATO"": 61, ""WHEAT"": 38, ""WOOL"": 55}"
115649229,240,10,1,M & M & P & Q,309.0,"{""STRAWBERRY"": 25, ""COW"": 8, ""MELON"": 12, ""SHEEP"": 3, ""GOOSE"": 8, ""WHEAT"": 16, ""TOMATO"": 3}","[""ICE_CREAM_SHOP"", ""BAKERY"", ""BAKERY""]","{""CARROT"": 36, ""EGG"": 52, ""FERTILIZER"": 70, ""MELON"": 271, ""MILK"": 206, ""STRAWBERRY"": 181, ""TOMATO"": 61, ""WHEAT"": 38, ""WOOL"": 55}"
115649229,264,11,0,DECEM,4163.0,"{""STRAWBERRY"": 23, ""COW"": 8, ""MELON"": 6, ""WHEAT"": 35, ""GOOSE"": 11, ""SHEEP"": 3, ""TOMATO"": 6}","[""ICE_CREAM_SHOP"", ""BAKERY"", ""BAKERY""]","{""CARROT"": 36, ""EGG"": 53, ""FERTILIZER"": 66, ""MELON"": 226, ""MILK"": 197, ""STRAWBERRY"": 185, ""TOMATO"": 61, ""WHEAT"": 41, ""WOOL"": 61}"
115649229,264,11,1,M & M & P & Q,3302.0,"{""STRAWBERRY"": 25, ""COW"": 8, ""MELON"": 6, ""WHEAT"": 31, ""SHEEP"": 3, ""GOOSE"": 12, ""TOMATO"": 4}","[""ICE_CREAM_SHOP"", ""BAKERY"", ""BAKERY""]","{""CARROT"": 36, ""EGG"": 53, ""FERTILIZER"": 66, ""MELON"": 226, ""MILK"": 197, ""STRAWBERRY"": 185, ""TOMATO"": 61, ""WHEAT"": 41, ""WOOL"": 61}"
115649229,288,12,0,DECEM,7019.0,"{""STRAWBERRY"": 23, ""COW"": 8, ""MELON"": 4, ""WHEAT"": 43, ""GOOSE"": 11, ""SHEEP"": 3, ""TOMATO"": 6}","[""ICE_CREAM_SHOP"", ""BAKERY"", ""BAKERY"", ""FARMERS_MARKET""]","{""CARROT"": 36, ""EGG"": 54, ""FERTILIZER"": 61, ""MELON"": 179, ""MILK"": 198, ""STRAWBERRY"": 188, ""TOMATO"": 61, ""WHEAT"": 42, ""WOOL"": 66}"
115649229,288,12,1,M & M & P & Q,8595.0,"{""STRAWBERRY"": 25, ""COW"": 8, ""MELON"": 3, ""WHEAT"": 42, ""SHEEP"": 3, ""GOOSE"": 12, ""TOMATO"": 4}","[""ICE_CREAM_SHOP"", ""BAKERY"", ""BAKERY"", ""FARMERS_MARKET""]","{""CARROT"": 36, ""EGG"": 54, ""FERTILIZER"": 61, ""MELON"": 179, ""MILK"": 198, ""STRAWBERRY"": 188, ""TOMATO"": 61, ""WHEAT"": 42, ""WOOL"": 66}"
115649229,312,13,0,DECEM,14301.0,"{""STRAWBERRY"": 27, ""COW"": 8, ""WHEAT"": 41, ""GOOSE"": 11, ""SHEEP"": 3, ""MELON"": 2, ""TOMATO"": 6}","[""ICE_CREAM_SHOP"", ""BAKERY"", ""BAKERY"", ""FARMERS_MARKET""]","{""CARROT"": 36, ""EGG"": 54, ""FERTILIZER"": 55, ""MELON"": 160, ""MILK"": 114, ""STRAWBERRY"": 195, ""TOMATO"": 62, ""WHEAT"": 42, ""WOOL"": 24}"
115649229,312,13,1,M & M & P & Q,13478.0,"{""STRAWBERRY"": 27, ""COW"": 8, ""WHEAT"": 41, ""SHEEP"": 3, ""GOOSE"": 12, ""MELON"": 2, ""TOMATO"": 4}","[""ICE_CREAM_SHOP"", ""BAKERY"", ""BAKERY"", ""FARMERS_MARKET""]","{""CARROT"": 36, ""EGG"": 54, ""FERTILIZER"": 55, ""MELON"": 160, ""MILK"": 114, ""STRAWBERRY"": 195, ""TOMATO"": 62, ""WHEAT"": 42, ""WOOL"": 24}"
115649229,336,14,0,DECEM,17902.0,"{""STRAWBERRY"": 28, ""COW"": 8, ""WHEAT"": 39, ""GOOSE"": 11, ""SHEEP"": 3, ""MELON"": 2, ""TOMATO"": 6}","[""ICE_CREAM_SHOP"", ""BAKERY"", ""BAKERY"", ""FARMERS_MARKET""]","{""CARROT"": 37, ""EGG"": 53, ""FERTILIZER"": 50, ""MELON"": 138, ""MILK"": 118, ""STRAWBERRY"": 201, ""TOMATO"": 63, ""WHEAT"": 40, ""WOOL"": 31}"
115649229,336,14,1,M & M & P & Q,16463.0,"{""STRAWBERRY"": 29, ""COW"": 8, ""WHEAT"": 40, ""SHEEP"": 3, ""GOOSE"": 12, ""MELON"": 2, ""TOMATO"": 5}","[""ICE_CREAM_SHOP"", ""BAKERY"", ""BAKERY"", ""FARMERS_MARKET""]","{""CARROT"": 37, ""EGG"": 53, ""FERTILIZER"": 50, ""MELON"": 138, ""MILK"": 118, ""STRAWBERRY"": 201, ""TOMATO"": 63, ""WHEAT"": 40, ""WOOL"": 31}"
115649229,360,15,0,DECEM,22237.0,"{""STRAWBERRY"": 29, ""COW"": 8, ""TOMATO"": 8, ""WHEAT"": 39, ""GOOSE"": 11, ""SHEEP"": 3, ""MELON"": 2}","[""ICE_CREAM_SHOP"", ""BAKERY"", ""BAKERY"", ""FARMERS_MARKET"", ""ICE_CREAM_SHOP""]","{""CARROT"": 38, ""EGG"": 52, ""FERTILIZER"": 45, ""MELON"": 140, ""MILK"": 57, ""STRAWBERRY"": 202, ""TOMATO"": 64, ""WHEAT"": 38, ""WOOL"": 24}"
115649229,360,15,1,M & M & P & Q,22565.0,"{""STRAWBERRY"": 30, ""COW"": 8, ""WHEAT"": 40, ""SHEEP"": 3, ""GOOSE"": 12, ""MELON"": 2, ""TOMATO"": 5}","[""ICE_CREAM_SHOP"", ""BAKERY"", ""BAKERY"", ""FARMERS_MARKET"", ""ICE_CREAM_SHOP""]","{""CARROT"": 38, ""EGG"": 52, ""FERTILIZER"": 45, ""MELON"": 140, ""MILK"": 57, ""STRAWBERRY"": 202, ""TOMATO"": 64, ""WHEAT"": 38, ""WOOL"": 24}"
115649229,384,16,0,DECEM,25108.0,"{""STRAWBERRY"": 35, ""COW"": 8, ""TOMATO"": 8, ""WHEAT"": 33, ""GOOSE"": 11, ""SHEEP"": 3, ""MELON"": 2}","[""ICE_CREAM_SHOP"", ""BAKERY"", ""BAKERY"", ""FARMERS_MARKET"", ""ICE_CREAM_SHOP""]","{""CARROT"": 38, ""EGG"": 50, ""FERTILIZER"": 45, ""MELON"": 142, ""MILK"": 59, ""STRAWBERRY"": 206, ""TOMATO"": 65, ""WHEAT"": 37, ""WOOL"": 11}"
115649229,384,16,1,M & M & P & Q,25125.0,"{""STRAWBERRY"": 35, ""COW"": 8, ""WHEAT"": 32, ""TOMATO"": 7, ""SHEEP"": 3, ""GOOSE"": 12, ""MELON"": 2}","[""ICE_CREAM_SHOP"", ""BAKERY"", ""BAKERY"", ""FARMERS_MARKET"", ""ICE_CREAM_SHOP""]","{""CARROT"": 38, ""EGG"": 50, ""FERTILIZER"": 45, ""MELON"": 142, ""MILK"": 59, ""STRAWBERRY"": 206, ""TOMATO"": 65, ""WHEAT"": 37, ""WOOL"": 11}"
115649229,408,17,0,DECEM,35721.0,"{""STRAWBERRY"": 35, ""COW"": 8, ""TOMATO"": 12, ""WHEAT"": 30, ""GOOSE"": 11, ""SHEEP"": 3, ""MELON"": 1}","[""ICE_CREAM_SHOP"", ""BAKERY"", ""BAKERY"", ""FARMERS_MARKET"", ""ICE_CREAM_SHOP""]","{""CARROT"": 39, ""EGG"": 44, ""FERTILIZER"": 41, ""MELON"": 104, ""MILK"": 57, ""STRAWBERRY"": 178, ""TOMATO"": 66, ""WHEAT"": 35, ""WOOL"": 18}"
115649229,408,17,1,M & M & P & Q,36512.0,"{""STRAWBERRY"": 36, ""COW"": 8, ""TOMATO"": 12, ""WHEAT"": 27, ""SHEEP"": 3, ""GOOSE"": 12, ""WEED"": 1}","[""ICE_CREAM_SHOP"", ""BAKERY"", ""BAKERY"", ""FARMERS_MARKET"", ""ICE_CREAM_SHOP""]","{""CARROT"": 39, ""EGG"": 44, ""FERTILIZER"": 41, ""MELON"": 104, ""MILK"": 57, ""STRAWBERRY"": 178, ""TOMATO"": 66, ""WHEAT"": 35, ""WOOL"": 18}"
115649229,432,18,0,DECEM,39655.0,"{""STRAWBERRY"": 35, ""COW"": 8, ""TOMATO"": 14, ""WHEAT"": 28, ""GOOSE"": 11, ""SHEEP"": 3, ""MELON"": 1}","[""ICE_CREAM_SHOP"", ""BAKERY"", ""BAKERY"", ""FARMERS_MARKET"", ""ICE_CREAM_SHOP"", ""FARMERS_MARKET""]","{""CARROT"": 39, ""EGG"": 43, ""FERTILIZER"": 37, ""MELON"": 106, ""MILK"": 53, ""STRAWBERRY"": 181, ""TOMATO"": 66, ""WHEAT"": 34, ""WOOL"": 18}"
115649229,432,18,1,M & M & P & Q,39563.0,"{""STRAWBERRY"": 36, ""COW"": 8, ""TOMATO"": 13, ""WHEAT"": 27, ""SHEEP"": 3, ""GOOSE"": 12, ""WEED"": 1}","[""ICE_CREAM_SHOP"", ""BAKERY"", ""BAKERY"", ""FARMERS_MARKET"", ""ICE_CREAM_SHOP"", ""FARMERS_MARKET""]","{""CARROT"": 39, ""EGG"": 43, ""FERTILIZER"": 37, ""MELON"": 106, ""MILK"": 53, ""STRAWBERRY"": 181, ""TOMATO"": 66, ""WHEAT"": 34, ""WOOL"": 18}"
115649229,456,19,0,DECEM,47715.0,"{""STRAWBERRY"": 34, ""TOMATO"": 18, ""COW"": 8, ""WHEAT"": 26, ""GOOSE"": 11, ""SHEEP"": 3}","[""ICE_CREAM_SHOP"", ""BAKERY"", ""BAKERY"", ""FARMERS_MARKET"", ""ICE_CREAM_SHOP"", ""FARMERS_MARKET""]","{""CARROT"": 40, ""EGG"": 42, ""FERTILIZER"": 32, ""MELON"": 94, ""MILK"": 55, ""STRAWBERRY"": 144, ""TOMATO"": 66, ""WHEAT"": 31, ""WOOL"": 11}"
115649229,456,19,1,M & M & P & Q,48674.0,"{""STRAWBERRY"": 35, ""TOMATO"": 18, ""COW"": 8, ""WHEAT"": 20, ""SHEEP"": 3, ""GOOSE"": 12, ""CARROT"": 2, ""WEED"": 1}","[""ICE_CREAM_SHOP"", ""BAKERY"", ""BAKERY"", ""FARMERS_MARKET"", ""ICE_CREAM_SHOP"", ""FARMERS_MARKET""]","{""CARROT"": 40, ""EGG"": 42, ""FERTILIZER"": 32, ""MELON"": 94, ""MILK"": 55, ""STRAWBERRY"": 144, ""TOMATO"": 66, ""WHEAT"": 31, ""WOOL"": 11}"
115649229,480,20,0,DECEM,51187.0,"{""STRAWBERRY"": 31, ""TOMATO"": 17, ""WHEAT"": 27, ""COW"": 8, ""GOOSE"": 11, ""SHEEP"": 3, ""CARROT"": 1}","[""ICE_CREAM_SHOP"", ""BAKERY"", ""BAKERY"", ""FARMERS_MARKET"", ""ICE_CREAM_SHOP"", ""FARMERS_MARKET""]","{""CARROT"": 41, ""EGG"": 42, ""FERTILIZER"": 31, ""MELON"": 96, ""MILK"": 66, ""STRAWBERRY"": 150, ""TOMATO"": 66, ""WHEAT"": 28, ""WOOL"": 18}"
115649229,480,20,1,M & M & P & Q,51694.0,"{""TOMATO"": 18, ""WHEAT"": 19, ""COW"": 8, ""STRAWBERRY"": 32, ""SHEEP"": 3, ""GOOSE"": 12, ""CARROT"": 5, ""WEED"": 1}","[""ICE_CREAM_SHOP"", ""BAKERY"", ""BAKERY"", ""FARMERS_MARKET"", ""ICE_CREAM_SHOP"", ""FARMERS_MARKET""]","{""CARROT"": 41, ""EGG"": 42, ""FERTILIZER"": 31, ""MELON"": 96, ""MILK"": 66, ""STRAWBERRY"": 150, ""TOMATO"": 66, ""WHEAT"": 28, ""WOOL"": 18}"
115649229,504,21,0,DECEM,57347.0,"{""CARROT"": 5, ""STRAWBERRY"": 30, ""TOMATO"": 16, ""WHEAT"": 26, ""COW"": 8, ""GOOSE"": 11, ""SHEEP"": 3}","[""ICE_CREAM_SHOP"", ""BAKERY"", ""BAKERY"", ""FARMERS_MARKET"", ""ICE_CREAM_SHOP"", ""FARMERS_MARKET"", ""BRUNCH_SPOT""]","{""CARROT"": 42, ""EGG"": 42, ""FERTILIZER"": 26, ""MELON"": 99, ""MILK"": 40, ""STRAWBERRY"": 82, ""TOMATO"": 65, ""WHEAT"": 29, ""WOOL"": 24}"
115649229,504,21,1,M & M & P & Q,57402.0,"{""CARROT"": 8, ""TOMATO"": 16, ""WHEAT"": 19, ""COW"": 8, ""STRAWBERRY"": 32, ""SHEEP"": 3, ""GOOSE"": 12, ""WEED"": 2}","[""ICE_CREAM_SHOP"", ""BAKERY"", ""BAKERY"", ""FARMERS_MARKET"", ""ICE_CREAM_SHOP"", ""FARMERS_MARKET"", ""BRUNCH_SPOT""]","{""CARROT"": 42, ""EGG"": 42, ""FERTILIZER"": 26, ""MELON"": 99, ""MILK"": 40, ""STRAWBERRY"": 82, ""TOMATO"": 65, ""WHEAT"": 29, ""WOOL"": 24}"
115649229,528,22,0,DECEM,60088.0,"{""CARROT"": 10, ""TOMATO"": 13, ""WHEAT"": 23, ""COW"": 8, ""STRAWBERRY"": 29, ""GOOSE"": 11, ""SHEEP"": 3}","[""ICE_CREAM_SHOP"", ""BAKERY"", ""BAKERY"", ""FARMERS_MARKET"", ""ICE_CREAM_SHOP"", ""FARMERS_MARKET"", ""BRUNCH_SPOT""]","{""CARROT"": 43, ""EGG"": 41, ""FERTILIZER"": 22, ""MELON"": 101, ""MILK"": 38, ""STRAWBERRY"": 107, ""TOMATO"": 65, ""WHEAT"": 28, ""WOOL"": 11}"
115649229,528,22,1,M & M & P & Q,60282.0,"{""CARROT"": 11, ""TOMATO"": 15, ""WHEAT"": 17, ""COW"": 8, ""STRAWBERRY"": 31, ""SHEEP"": 3, ""GOOSE"": 12, ""WEED"": 1}","[""ICE_CREAM_SHOP"", ""BAKERY"", ""BAKERY"", ""FARMERS_MARKET"", ""ICE_CREAM_SHOP"", ""FARMERS_MARKET"", ""BRUNCH_SPOT""]","{""CARROT"": 43, ""EGG"": 41, ""FERTILIZER"": 22, ""MELON"": 101, ""MILK"": 38, ""STRAWBERRY"": 107, ""TOMATO"": 65, ""WHEAT"": 28, ""WOOL"": 11}"
115649229,552,23,0,DECEM,64047.0,"{""CARROT"": 15, ""TOMATO"": 13, ""WHEAT"": 33, ""COW"": 8, ""STRAWBERRY"": 15, ""GOOSE"": 11, ""SHEEP"": 3}","[""ICE_CREAM_SHOP"", ""BAKERY"", ""BAKERY"", ""FARMERS_MARKET"", ""ICE_CREAM_SHOP"", ""FARMERS_MARKET"", ""BRUNCH_SPOT""]","{""CARROT"": 43, ""EGG"": 41, ""FERTILIZER"": 18, ""MELON"": 104, ""MILK"": 34, ""STRAWBERRY"": 110, ""TOMATO"": 66, ""WHEAT"": 27, ""WOOL"": 18}"
115649229,552,23,1,M & M & P & Q,64129.0,"{""WHEAT"": 28, ""TOMATO"": 15, ""COW"": 8, ""STRAWBERRY"": 20, ""SHEEP"": 3, ""GOOSE"": 12, ""CARROT"": 12}","[""ICE_CREAM_SHOP"", ""BAKERY"", ""BAKERY"", ""FARMERS_MARKET"", ""ICE_CREAM_SHOP"", ""FARMERS_MARKET"", ""BRUNCH_SPOT""]","{""CARROT"": 43, ""EGG"": 41, ""FERTILIZER"": 18, ""MELON"": 104, ""MILK"": 34, ""STRAWBERRY"": 110, ""TOMATO"": 66, ""WHEAT"": 27, ""WOOL"": 18}"
115649229,576,24,0,DECEM,67575.0,"{""CARROT"": 13, ""TOMATO"": 13, ""WHEAT"": 33, ""COW"": 8, ""WEED"": 2, ""STRAWBERRY"": 12, ""GOOSE"": 11, ""SHEEP"": 3}","[""ICE_CREAM_SHOP"", ""BAKERY"", ""BAKERY"", ""FARMERS_MARKET"", ""ICE_CREAM_SHOP"", ""FARMERS_MARKET"", ""BRUNCH_SPOT"", ""YARN_STORE""]","{""CARROT"": 44, ""EGG"": 41, ""FERTILIZER"": 13, ""MELON"": 106, ""MILK"": 47, ""STRAWBERRY"": 118, ""TOMATO"": 66, ""WHEAT"": 26, ""WOOL"": 24}"
115649229,576,24,1,M & M & P & Q,68322.0,"{""WHEAT"": 29, ""TOMATO"": 15, ""COW"": 8, ""WEED"": 9, ""SHEEP"": 3, ""GOOSE"": 12, ""CARROT"": 8, ""STRAWBERRY"": 11}","[""ICE_CREAM_SHOP"", ""BAKERY"", ""BAKERY"", ""FARMERS_MARKET"", ""ICE_CREAM_SHOP"", ""FARMERS_MARKET"", ""BRUNCH_SPOT"", ""YARN_STORE""]","{""CARROT"": 44, ""EGG"": 41, ""FERTILIZER"": 13, ""MELON"": 106, ""MILK"": 47, ""STRAWBERRY"": 118, ""TOMATO"": 66, ""WHEAT"": 26, ""WOOL"": 24}"
115649229,600,25,0,DECEM,71459.0,"{""TOMATO"": 13, ""WHEAT"": 37, ""COW"": 8, ""WEED"": 3, ""STRAWBERRY"": 12, ""GOOSE"": 11, ""SHEEP"": 3, ""CARROT"": 7}","[""ICE_CREAM_SHOP"", ""BAKERY"", ""BAKERY"", ""FARMERS_MARKET"", ""ICE_CREAM_SHOP"", ""FARMERS_MARKET"", ""BRUNCH_SPOT"", ""YARN_STORE""]","{""CARROT"": 42, ""EGG"": 41, ""FERTILIZER"": 12, ""MELON"": 108, ""MILK"": 30, ""STRAWBERRY"": 116, ""TOMATO"": 66, ""WHEAT"": 30, ""WOOL"": 98}"
115649229,600,25,1,M & M & P & Q,72992.0,"{""WHEAT"": 34, ""TOMATO"": 14, ""COW"": 8, ""WEED"": 9, ""SHEEP"": 3, ""GOOSE"": 12, ""CARROT"": 2, ""STRAWBERRY"": 11}","[""ICE_CREAM_SHOP"", ""BAKERY"", ""BAKERY"", ""FARMERS_MARKET"", ""ICE_CREAM_SHOP"", ""FARMERS_MARKET"", ""BRUNCH_SPOT"", ""YARN_STORE""]","{""CARROT"": 42, ""EGG"": 41, ""FERTILIZER"": 12, ""MELON"": 108, ""MILK"": 30, ""STRAWBERRY"": 116, ""TOMATO"": 66, ""WHEAT"": 30, ""WOOL"": 98}"
115649229,624,26,0,DECEM,75911.0,"{""WHEAT"": 41, ""TOMATO"": 12, ""COW"": 8, ""WEED"": 4, ""STRAWBERRY"": 12, ""GOOSE"": 11, ""SHEEP"": 3, ""CARROT"": 2}","[""ICE_CREAM_SHOP"", ""BAKERY"", ""BAKERY"", ""FARMERS_MARKET"", ""ICE_CREAM_SHOP"", ""FARMERS_MARKET"", ""BRUNCH_SPOT"", ""YARN_STORE""]","{""CARROT"": 39, ""EGG"": 41, ""FERTILIZER"": 12, ""MELON"": 111, ""MILK"": 34, ""STRAWBERRY"": 135, ""TOMATO"": 66, ""WHEAT"": 29, ""WOOL"": 151}"
115649229,624,26,1,M & M & P & Q,77439.0,"{""WHEAT"": 34, ""TOMATO"": 14, ""COW"": 8, ""WEED"": 9, ""SHEEP"": 3, ""GOOSE"": 12, ""CARROT"": 6, ""STRAWBERRY"": 11}","[""ICE_CREAM_SHOP"", ""BAKERY"", ""BAKERY"", ""FARMERS_MARKET"", ""ICE_CREAM_SHOP"", ""FARMERS_MARKET"", ""BRUNCH_SPOT"", ""YARN_STORE""]","{""CARROT"": 39, ""EGG"": 41, ""FERTILIZER"": 12, ""MELON"": 111, ""MILK"": 34, ""STRAWBERRY"": 135, ""TOMATO"": 66, ""WHEAT"": 29, ""WOOL"": 151}"
115649229,648,27,0,DECEM,82936.0,"{""CARROT"": 5, ""WHEAT"": 41, ""TOMATO"": 11, ""COW"": 7, ""WEED"": 3, ""PASTURE"": 1, ""STRAWBERRY"": 12, ""GOOSE"": 11, ""SHEEP"": 3}","[""ICE_CREAM_SHOP"", ""BAKERY"", ""BAKERY"", ""FARMERS_MARKET"", ""ICE_CREAM_SHOP"", ""FARMERS_MARKET"", ""BRUNCH_SPOT"", ""YARN_STORE""]","{""CARROT"": 39, ""EGG"": 40, ""FERTILIZER"": 10, ""MELON"": 113, ""MILK"": 24, ""STRAWBERRY"": 132, ""TOMATO"": 63, ""WHEAT"": 24, ""WOOL"": 133}"
115649229,648,27,1,M & M & P & Q,83773.0,"{""TOMATO"": 12, ""PASTURE"": 2, ""COW"": 6, ""WHEAT"": 31, ""WEED"": 9, ""CARROT"": 9, ""SHEEP"": 3, ""GOOSE"": 12, ""STRAWBERRY"": 11}","[""ICE_CREAM_SHOP"", ""BAKERY"", ""BAKERY"", ""FARMERS_MARKET"", ""ICE_CREAM_SHOP"", ""FARMERS_MARKET"", ""BRUNCH_SPOT"", ""YARN_STORE""]","{""CARROT"": 39, ""EGG"": 40, ""FERTILIZER"": 10, ""MELON"": 113, ""MILK"": 24, ""STRAWBERRY"": 132, ""TOMATO"": 63, ""WHEAT"": 24, ""WOOL"": 133}"
115649229,672,28,0,DECEM,88535.0,"{""CARROT"": 5, ""WHEAT"": 40, ""TOMATO"": 8, ""PASTURE"": 2, ""WEED"": 4, ""STRAWBERRY"": 12, ""COW"": 5, ""GOOSE"": 11, ""SHEEP"": 3}","[""ICE_CREAM_SHOP"", ""BAKERY"", ""BAKERY"", ""FARMERS_MARKET"", ""ICE_CREAM_SHOP"", ""FARMERS_MARKET"", ""BRUNCH_SPOT"", ""YARN_STORE""]","{""CARROT"": 40, ""EGG"": 40, ""FERTILIZER"": 8, ""MELON"": 115, ""MILK"": 19, ""STRAWBERRY"": 128, ""TOMATO"": 60, ""WHEAT"": 22, ""WOOL"": 133}"
115649229,672,28,1,M & M & P & Q,90461.0,"{""TOMATO"": 10, ""COW"": 6, ""WHEAT"": 27, ""WEED"": 9, ""CARROT"": 10, ""SHEEP"": 3, ""GOOSE"": 12, ""STRAWBERRY"": 11}","[""ICE_CREAM_SHOP"", ""BAKERY"", ""BAKERY"", ""FARMERS_MARKET"", ""ICE_CREAM_SHOP"", ""FARMERS_MARKET"", ""BRUNCH_SPOT"", ""YARN_STORE""]","{""CARROT"": 40, ""EGG"": 40, ""FERTILIZER"": 8, ""MELON"": 115, ""MILK"": 19, ""STRAWBERRY"": 128, ""TOMATO"": 60, ""WHEAT"": 22, ""WOOL"": 133}"
115649229,696,29,0,DECEM,95298.0,"{""CARROT"": 4, ""TOMATO"": 7, ""WHEAT"": 22, ""PASTURE"": 5, ""WEED"": 6, ""STRAWBERRY"": 12, ""COW"": 5, ""GOOSE"": 10, ""COOP"": 1}","[""ICE_CREAM_SHOP"", ""BAKERY"", ""BAKERY"", ""FARMERS_MARKET"", ""ICE_CREAM_SHOP"", ""FARMERS_MARKET"", ""BRUNCH_SPOT"", ""YARN_STORE""]","{""CARROT"": 40, ""EGG"": 40, ""FERTILIZER"": 6, ""MELON"": 118, ""MILK"": 17, ""STRAWBERRY"": 112, ""TOMATO"": 42, ""WHEAT"": 21, ""WOOL"": 144}"
115649229,696,29,1,M & M & P & Q,96483.0,"{""TOMATO"": 7, ""COW"": 6, ""WHEAT"": 18, ""WEED"": 12, ""CARROT"": 6, ""PASTURE"": 3, ""GOOSE"": 12, ""STRAWBERRY"": 11}","[""ICE_CREAM_SHOP"", ""BAKERY"", ""BAKERY"", ""FARMERS_MARKET"", ""ICE_CREAM_SHOP"", ""FARMERS_MARKET"", ""BRUNCH_SPOT"", ""YARN_STORE""]","{""CARROT"": 40, ""EGG"": 40, ""FERTILIZER"": 6, ""MELON"": 118, ""MILK"": 17, ""STRAWBERRY"": 112, ""TOMATO"": 42, ""WHEAT"": 21, ""WOOL"": 144}"
115649229,719,29,0,DECEM,104285.0,"{""CARROT"": 2, ""TOMATO"": 5, ""PASTURE"": 5, ""WEED"": 12, ""WHEAT"": 2, ""STRAWBERRY"": 8, ""COW"": 5, ""GOOSE"": 10, ""COOP"": 1}","[""ICE_CREAM_SHOP"", ""BAKERY"", ""BAKERY"", ""FARMERS_MARKET"", ""ICE_CREAM_SHOP"", ""FARMERS_MARKET"", ""BRUNCH_SPOT"", ""YARN_STORE""]","{""CARROT"": 38, ""EGG"": 40, ""FERTILIZER"": 3, ""MELON"": 120, ""MILK"": 1, ""STRAWBERRY"": 84, ""TOMATO"": 39, ""WHEAT"": 20, ""WOOL"": 137}"
115649229,719,29,1,M & M & P & Q,106701.0,"{""TOMATO"": 6, ""COW"": 6, ""WEED"": 15, ""PASTURE"": 3, ""GOOSE"": 12, ""STRAWBERRY"": 9}","[""ICE_CREAM_SHOP"", ""BAKERY"", ""BAKERY"", ""FARMERS_MARKET"", ""ICE_CREAM_SHOP"", ""FARMERS_MARKET"", ""BRUNCH_SPOT"", ""YARN_STORE""]","{""CARROT"": 38, ""EGG"": 40, ""FERTILIZER"": 3, ""MELON"": 120, ""MILK"": 1, ""STRAWBERRY"": 84, ""TOMATO"": 39, ""WHEAT"": 20, ""WOOL"": 137}"
115650653,0,0,0,Unknown Mother-Goose,3000.0,{},[],"{""CARROT"": 35, ""EGG"": 50, ""FERTILIZER"": 100, ""MELON"": 250, ""MILK"": 160, ""STRAWBERRY"": 120, ""TOMATO"": 60, ""WHEAT"": 25, ""WOOL"": 200}"
115650653,0,0,1,CDE,3000.0,{},[],"{""CARROT"": 35, ""EGG"": 50, ""FERTILIZER"": 100, ""MELON"": 250, ""MILK"": 160, ""STRAWBERRY"": 120, ""TOMATO"": 60, ""WHEAT"": 25, ""WOOL"": 200}"
115650653,24,1,0,Unknown Mother-Goose,9.0,"{""WHEAT"": 12, ""MELON"": 6, ""COW"": 2, ""SHEEP"": 3}",[],"{""CARROT"": 35, ""EGG"": 50, ""FERTILIZER"": 100, ""MELON"": 256, ""MILK"": 169, ""STRAWBERRY"": 128, ""TOMATO"": 60, ""WHEAT"": 28, ""WOOL"": 206}"
115650653,24,1,1,CDE,9.0,"{""WHEAT"": 12, ""MELON"": 6, ""COW"": 2, ""SHEEP"": 3}",[],"{""CARROT"": 35, ""EGG"": 50, ""FERTILIZER"": 100, ""MELON"": 256, ""MILK"": 169, ""STRAWBERRY"": 128, ""TOMATO"": 60, ""WHEAT"": 28, ""WOOL"": 206}"
115650653,48,2,0,Unknown Mother-Goose,109.0,"{""WHEAT"": 12, ""MELON"": 8, ""COW"": 2, ""SHEEP"": 3}",[],"{""CARROT"": 35, ""EGG"": 50, ""FERTILIZER"": 98, ""MELON"": 260, ""MILK"": 172, ""STRAWBERRY"": 132, ""TOMATO"": 60, ""WHEAT"": 30, ""WOOL"": 209}"
115650653,48,2,1,CDE,79.0,"{""WHEAT"": 12, ""MELON"": 8, ""COW"": 2, ""SHEEP"": 3}",[],"{""CARROT"": 35, ""EGG"": 50, ""FERTILIZER"": 98, ""MELON"": 260, ""MILK"": 172, ""STRAWBERRY"": 132, ""TOMATO"": 60, ""WHEAT"": 30, ""WOOL"": 209}"
115650653,72,3,0,Unknown Mother-Goose,53.0,"{""WHEAT"": 9, ""STRAWBERRY"": 2, ""COW"": 3, ""MELON"": 8, ""SHEEP"": 3}","[""ICE_CREAM_SHOP""]","{""CARROT"": 35, ""EGG"": 50, ""FERTILIZER"": 96, ""MELON"": 262, ""MILK"": 175, ""STRAWBERRY"": 135, ""TOMATO"": 60, ""WHEAT"": 29, ""WOOL"": 212}"
115650653,72,3,1,CDE,52.0,"{""WHEAT"": 9, ""STRAWBERRY"": 2, ""COW"": 3, ""MELON"": 8, ""SHEEP"": 3}","[""ICE_CREAM_SHOP""]","{""CARROT"": 35, ""EGG"": 50, ""FERTILIZER"": 96, ""MELON"": 262, ""MILK"": 175, ""STRAWBERRY"": 135, ""TOMATO"": 60, ""WHEAT"": 29, ""WOOL"": 212}"
115650653,96,4,0,Unknown Mother-Goose,11.0,"{""WHEAT"": 4, ""STRAWBERRY"": 6, ""COW"": 4, ""MELON"": 8, ""SHEEP"": 3}","[""ICE_CREAM_SHOP""]","{""CARROT"": 35, ""EGG"": 50, ""FERTILIZER"": 94, ""MELON"": 264, ""MILK"": 187, ""STRAWBERRY"": 147, ""TOMATO"": 60, ""WHEAT"": 28, ""WOOL"": 214}"
115650653,96,4,1,CDE,10.0,"{""WHEAT"": 4, ""STRAWBERRY"": 6, ""COW"": 4, ""MELON"": 8, ""SHEEP"": 3}","[""ICE_CREAM_SHOP""]","{""CARROT"": 35, ""EGG"": 50, ""FERTILIZER"": 94, ""MELON"": 264, ""MILK"": 187, ""STRAWBERRY"": 147, ""TOMATO"": 60, ""WHEAT"": 28, ""WOOL"": 214}"
115650653,120,5,0,Unknown Mother-Goose,24.0,"{""STRAWBERRY"": 6, ""COW"": 6, ""WHEAT"": 1, ""MELON"": 8, ""SHEEP"": 3}","[""ICE_CREAM_SHOP""]","{""CARROT"": 35, ""EGG"": 50, ""FERTILIZER"": 91, ""MELON"": 266, ""MILK"": 196, ""STRAWBERRY"": 155, ""TOMATO"": 61, ""WHEAT"": 27, ""WOOL"": 215}"
115650653,120,5,1,CDE,13.0,"{""STRAWBERRY"": 6, ""COW"": 6, ""WHEAT"": 1, ""MELON"": 8, ""SHEEP"": 3}","[""ICE_CREAM_SHOP""]","{""CARROT"": 35, ""EGG"": 50, ""FERTILIZER"": 91, ""MELON"": 266, ""MILK"": 196, ""STRAWBERRY"": 155, ""TOMATO"": 61, ""WHEAT"": 27, ""WOOL"": 215}"
115650653,144,6,0,Unknown Mother-Goose,162.0,"{""STRAWBERRY"": 7, ""COW"": 7, ""MELON"": 8, ""SHEEP"": 3}","[""ICE_CREAM_SHOP"", ""FARMERS_MARKET""]","{""CARROT"": 35, ""EGG"": 50, ""FERTILIZER"": 87, ""MELON"": 267, ""MILK"": 203, ""STRAWBERRY"": 161, ""TOMATO"": 61, ""WHEAT"": 30, ""WOOL"": 217}"
115650653,144,6,1,CDE,152.0,"{""STRAWBERRY"": 7, ""COW"": 7, ""MELON"": 8, ""SHEEP"": 3}","[""ICE_CREAM_SHOP"", ""FARMERS_MARKET""]","{""CARROT"": 35, ""EGG"": 50, ""FERTILIZER"": 87, ""MELON"": 267, ""MILK"": 203, ""STRAWBERRY"": 161, ""TOMATO"": 61, ""WHEAT"": 30, ""WOOL"": 217}"
115650653,168,7,0,Unknown Mother-Goose,71.0,"{""STRAWBERRY"": 26, ""COW"": 8, ""MELON"": 11, ""GOOSE"": 2, ""SHEEP"": 3}","[""ICE_CREAM_SHOP"", ""FARMERS_MARKET""]","{""CARROT"": 36, ""EGG"": 50, ""FERTILIZER"": 83, ""MELON"": 268, ""MILK"": 208, ""STRAWBERRY"": 171, ""TOMATO"": 62, ""WHEAT"": 31, ""WOOL"": 151}"
115650653,168,7,1,CDE,47.0,"{""STRAWBERRY"": 26, ""COW"": 8, ""MELON"": 11, ""GOOSE"": 2, ""SHEEP"": 3}","[""ICE_CREAM_SHOP"", ""FARMERS_MARKET""]","{""CARROT"": 36, ""EGG"": 50, ""FERTILIZER"": 83, ""MELON"": 268, ""MILK"": 208, ""STRAWBERRY"": 171, ""TOMATO"": 62, ""WHEAT"": 31, ""WOOL"": 151}"
115650653,192,8,0,Unknown Mother-Goose,328.0,"{""STRAWBERRY"": 26, ""COW"": 8, ""MELON"": 11, ""GOOSE"": 2, ""SHEEP"": 3}","[""ICE_CREAM_SHOP"", ""FARMERS_MARKET""]","{""CARROT"": 37, ""EGG"": 50, ""FERTILIZER"": 79, ""MELON"": 269, ""MILK"": 214, ""STRAWBERRY"": 179, ""TOMATO"": 62, ""WHEAT"": 34, ""WOOL"": 154}"
115650653,192,8,1,CDE,346.0,"{""STRAWBERRY"": 26, ""COW"": 8, ""MELON"": 11, ""GOOSE"": 2, ""SHEEP"": 3}","[""ICE_CREAM_SHOP"", ""FARMERS_MARKET""]","{""CARROT"": 37, ""EGG"": 50, ""FERTILIZER"": 79, ""MELON"": 269, ""MILK"": 214, ""STRAWBERRY"": 179, ""TOMATO"": 62, ""WHEAT"": 34, ""WOOL"": 154}"
115650653,216,9,0,Unknown Mother-Goose,8.0,"{""STRAWBERRY"": 29, ""COW"": 8, ""MELON"": 11, ""GOOSE"": 5, ""SHEEP"": 3, ""WHEAT"": 12}","[""ICE_CREAM_SHOP"", ""FARMERS_MARKET"", ""FARMERS_MARKET""]","{""CARROT"": 37, ""EGG"": 51, ""FERTILIZER"": 74, ""MELON"": 270, ""MILK"": 200, ""STRAWBERRY"": 187, ""TOMATO"": 63, ""WHEAT"": 36, ""WOOL"": 158}"
115650653,216,9,1,CDE,81.0,"{""STRAWBERRY"": 30, ""COW"": 8, ""MELON"": 11, ""GOOSE"": 5, ""SHEEP"": 3, ""WHEAT"": 9}","[""ICE_CREAM_SHOP"", ""FARMERS_MARKET"", ""FARMERS_MARKET""]","{""CARROT"": 37, ""EGG"": 51, ""FERTILIZER"": 74, ""MELON"": 270, ""MILK"": 200, ""STRAWBERRY"": 187, ""TOMATO"": 63, ""WHEAT"": 36, ""WOOL"": 158}"
115650653,240,10,0,Unknown Mother-Goose,1.0,"{""STRAWBERRY"": 34, ""COW"": 8, ""MELON"": 11, ""GOOSE"": 7, ""SHEEP"": 3, ""WHEAT"": 12}","[""ICE_CREAM_SHOP"", ""FARMERS_MARKET"", ""FARMERS_MARKET""]","{""CARROT"": 38, ""EGG"": 51, ""FERTILIZER"": 69, ""MELON"": 271, ""MILK"": 206, ""STRAWBERRY"": 196, ""TOMATO"": 65, ""WHEAT"": 39, ""WOOL"": 55}"
115650653,240,10,1,CDE,68.0,"{""STRAWBERRY"": 32, ""COW"": 8, ""MELON"": 11, ""GOOSE"": 7, ""SHEEP"": 3, ""WHEAT"": 13}","[""ICE_CREAM_SHOP"", ""FARMERS_MARKET"", ""FARMERS_MARKET""]","{""CARROT"": 38, ""EGG"": 51, ""FERTILIZER"": 69, ""MELON"": 271, ""MILK"": 206, ""STRAWBERRY"": 196, ""TOMATO"": 65, ""WHEAT"": 39, ""WOOL"": 55}"
115650653,264,11,0,Unknown Mother-Goose,7779.0,"{""STRAWBERRY"": 34, ""COW"": 8, ""WHEAT"": 17, ""GOOSE"": 7, ""MELON"": 5, ""SHEEP"": 3, ""WEED"": 1}","[""ICE_CREAM_SHOP"", ""FARMERS_MARKET"", ""FARMERS_MARKET""]","{""CARROT"": 39, ""EGG"": 51, ""FERTILIZER"": 66, ""MELON"": 213, ""MILK"": 207, ""STRAWBERRY"": 204, ""TOMATO"": 66, ""WHEAT"": 42, ""WOOL"": 61}"
115650653,264,11,1,CDE,8067.0,"{""STRAWBERRY"": 32, ""COW"": 8, ""WHEAT"": 20, ""GOOSE"": 7, ""MELON"": 5, ""SHEEP"": 3}","[""ICE_CREAM_SHOP"", ""FARMERS_MARKET"", ""FARMERS_MARKET""]","{""CARROT"": 39, ""EGG"": 51, ""FERTILIZER"": 66, ""MELON"": 213, ""MILK"": 207, ""STRAWBERRY"": 204, ""TOMATO"": 66, ""WHEAT"": 42, ""WOOL"": 61}"
115650653,288,12,0,Unknown Mother-Goose,13630.0,"{""STRAWBERRY"": 36, ""COW"": 8, ""WHEAT"": 18, ""GOOSE"": 7, ""SHEEP"": 3, ""MELON"": 3}","[""ICE_CREAM_SHOP"", ""FARMERS_MARKET"", ""FARMERS_MARKET"", ""FARMERS_MARKET""]","{""CARROT"": 40, ""EGG"": 51, ""FERTILIZER"": 61, ""MELON"": 179, ""MILK"": 181, ""STRAWBERRY"": 212, ""TOMATO"": 68, ""WHEAT"": 43, ""WOOL"": 66}"
115650653,288,12,1,CDE,13980.0,"{""STRAWBERRY"": 32, ""COW"": 8, ""WHEAT"": 22, ""GOOSE"": 7, ""SHEEP"": 3, ""MELON"": 3}","[""ICE_CREAM_SHOP"", ""FARMERS_MARKET"", ""FARMERS_MARKET"", ""FARMERS_MARKET""]","{""CARROT"": 40, ""EGG"": 51, ""FERTILIZER"": 61, ""MELON"": 179, ""MILK"": 181, ""STRAWBERRY"": 212, ""TOMATO"": 68, ""WHEAT"": 43, ""WOOL"": 66}"
115650653,312,13,0,Unknown Mother-Goose,17733.0,"{""STRAWBERRY"": 38, ""COW"": 8, ""WHEAT"": 16, ""GOOSE"": 7, ""SHEEP"": 3, ""MELON"": 3}","[""ICE_CREAM_SHOP"", ""FARMERS_MARKET"", ""FARMERS_MARKET"", ""FARMERS_MARKET""]","{""CARROT"": 42, ""EGG"": 48, ""FERTILIZER"": 56, ""MELON"": 181, ""MILK"": 112, ""STRAWBERRY"": 221, ""TOMATO"": 70, ""WHEAT"": 42, ""WOOL"": 49}"
115650653,312,13,1,CDE,18200.0,"{""STRAWBERRY"": 35, ""COW"": 8, ""WHEAT"": 19, ""GOOSE"": 7, ""SHEEP"": 3, ""MELON"": 3}","[""ICE_CREAM_SHOP"", ""FARMERS_MARKET"", ""FARMERS_MARKET"", ""FARMERS_MARKET""]","{""CARROT"": 42, ""EGG"": 48, ""FERTILIZER"": 56, ""MELON"": 181, ""MILK"": 112, ""STRAWBERRY"": 221, ""TOMATO"": 70, ""WHEAT"": 42, ""WOOL"": 49}"
115650653,336,14,0,Unknown Mother-Goose,19991.0,"{""STRAWBERRY"": 40, ""COW"": 8, ""WHEAT"": 14, ""GOOSE"": 7, ""SHEEP"": 3, ""MELON"": 3}","[""ICE_CREAM_SHOP"", ""FARMERS_MARKET"", ""FARMERS_MARKET"", ""FARMERS_MARKET""]","{""CARROT"": 43, ""EGG"": 44, ""FERTILIZER"": 53, ""MELON"": 183, ""MILK"": 76, ""STRAWBERRY"": 230, ""TOMATO"": 72, ""WHEAT"": 42, ""WOOL"": 55}"
115650653,336,14,1,CDE,20792.0,"{""STRAWBERRY"": 40, ""COW"": 8, ""WHEAT"": 14, ""GOOSE"": 7, ""SHEEP"": 3, ""MELON"": 3}","[""ICE_CREAM_SHOP"", ""FARMERS_MARKET"", ""FARMERS_MARKET"", ""FARMERS_MARKET""]","{""CARROT"": 43, ""EGG"": 44, ""FERTILIZER"": 53, ""MELON"": 183, ""MILK"": 76, ""STRAWBERRY"": 230, ""TOMATO"": 72, ""WHEAT"": 42, ""WOOL"": 55}"
115650653,360,15,0,Unknown Mother-Goose,23848.0,"{""STRAWBERRY"": 41, ""COW"": 8, ""WHEAT"": 13, ""GOOSE"": 7, ""SHEEP"": 3, ""MELON"": 3}","[""ICE_CREAM_SHOP"", ""FARMERS_MARKET"", ""FARMERS_MARKET"", ""FARMERS_MARKET"", ""SMOOTHIE_SHOP""]","{""CARROT"": 45, ""EGG"": 43, ""FERTILIZER"": 48, ""MELON"": 184, ""MILK"": 47, ""STRAWBERRY"": 235, ""TOMATO"": 75, ""WHEAT"": 42, ""WOOL"": 61}"
115650653,360,15,1,CDE,24164.0,"{""STRAWBERRY"": 40, ""COW"": 8, ""WHEAT"": 14, ""GOOSE"": 7, ""SHEEP"": 3, ""MELON"": 3}","[""ICE_CREAM_SHOP"", ""FARMERS_MARKET"", ""FARMERS_MARKET"", ""FARMERS_MARKET"", ""SMOOTHIE_SHOP""]","{""CARROT"": 45, ""EGG"": 43, ""FERTILIZER"": 48, ""MELON"": 184, ""MILK"": 47, ""STRAWBERRY"": 235, ""TOMATO"": 75, ""WHEAT"": 42, ""WOOL"": 61}"
115650653,384,16,0,Unknown Mother-Goose,27194.0,"{""STRAWBERRY"": 44, ""COW"": 8, ""WHEAT"": 10, ""GOOSE"": 7, ""SHEEP"": 3, ""MELON"": 3}","[""ICE_CREAM_SHOP"", ""FARMERS_MARKET"", ""FARMERS_MARKET"", ""FARMERS_MARKET"", ""SMOOTHIE_SHOP""]","{""CARROT"": 46, ""EGG"": 42, ""FERTILIZER"": 48, ""MELON"": 186, ""MILK"": 45, ""STRAWBERRY"": 239, ""TOMATO"": 77, ""WHEAT"": 41, ""WOOL"": 37}"
115650653,384,16,1,CDE,27764.0,"{""STRAWBERRY"": 44, ""COW"": 8, ""WHEAT"": 10, ""GOOSE"": 7, ""SHEEP"": 3, ""MELON"": 3}","[""ICE_CREAM_SHOP"", ""FARMERS_MARKET"", ""FARMERS_MARKET"", ""FARMERS_MARKET"", ""SMOOTHIE_SHOP""]","{""CARROT"": 46, ""EGG"": 42, ""FERTILIZER"": 48, ""MELON"": 186, ""MILK"": 45, ""STRAWBERRY"": 239, ""TOMATO"": 77, ""WHEAT"": 41, ""WOOL"": 37}"
115650653,408,17,0,Unknown Mother-Goose,38171.0,"{""STRAWBERRY"": 44, ""COW"": 8, ""WHEAT"": 8, ""GOOSE"": 7, ""TOMATO"": 5, ""SHEEP"": 3}","[""ICE_CREAM_SHOP"", ""FARMERS_MARKET"", ""FARMERS_MARKET"", ""FARMERS_MARKET"", ""SMOOTHIE_SHOP""]","{""CARROT"": 48, ""EGG"": 42, ""FERTILIZER"": 45, ""MELON"": 118, ""MILK"": 47, ""STRAWBERRY"": 227, ""TOMATO"": 79, ""WHEAT"": 42, ""WOOL"": 31}"
115650653,408,17,1,CDE,40187.0,"{""STRAWBERRY"": 44, ""COW"": 8, ""WHEAT"": 8, ""GOOSE"": 7, ""SHEEP"": 3, ""TOMATO"": 5}","[""ICE_CREAM_SHOP"", ""FARMERS_MARKET"", ""FARMERS_MARKET"", ""FARMERS_MARKET"", ""SMOOTHIE_SHOP""]","{""CARROT"": 48, ""EGG"": 42, ""FERTILIZER"": 45, ""MELON"": 118, ""MILK"": 47, ""STRAWBERRY"": 227, ""TOMATO"": 79, ""WHEAT"": 42, ""WOOL"": 31}"
115650653,432,18,0,Unknown Mother-Goose,43384.0,"{""STRAWBERRY"": 45, ""COW"": 8, ""TOMATO"": 10, ""WHEAT"": 2, ""GOOSE"": 7, ""SHEEP"": 3}","[""ICE_CREAM_SHOP"", ""FARMERS_MARKET"", ""FARMERS_MARKET"", ""FARMERS_MARKET"", ""SMOOTHIE_SHOP"", ""FARMERS_MARKET""]","{""CARROT"": 49, ""EGG"": 42, ""FERTILIZER"": 43, ""MELON"": 120, ""MILK"": 45, ""STRAWBERRY"": 226, ""TOMATO"": 82, ""WHEAT"": 42, ""WOOL"": 24}"
115650653,432,18,1,CDE,44869.0,"{""STRAWBERRY"": 44, ""COW"": 8, ""TOMATO"": 10, ""WHEAT"": 3, ""GOOSE"": 7, ""SHEEP"": 3}","[""ICE_CREAM_SHOP"", ""FARMERS_MARKET"", ""FARMERS_MARKET"", ""FARMERS_MARKET"", ""SMOOTHIE_SHOP"", ""FARMERS_MARKET""]","{""CARROT"": 49, ""EGG"": 42, ""FERTILIZER"": 43, ""MELON"": 120, ""MILK"": 45, ""STRAWBERRY"": 226, ""TOMATO"": 82, ""WHEAT"": 42, ""WOOL"": 24}"
115650653,456,19,0,Unknown Mother-Goose,54067.0,"{""STRAWBERRY"": 43, ""WHEAT"": 4, ""COW"": 8, ""TOMATO"": 10, ""GOOSE"": 7, ""SHEEP"": 3}","[""ICE_CREAM_SHOP"", ""FARMERS_MARKET"", ""FARMERS_MARKET"", ""FARMERS_MARKET"", ""SMOOTHIE_SHOP"", ""FARMERS_MARKET""]","{""CARROT"": 51, ""EGG"": 41, ""FERTILIZER"": 37, ""MELON"": 122, ""MILK"": 38, ""STRAWBERRY"": 210, ""TOMATO"": 85, ""WHEAT"": 42, ""WOOL"": 5}"
115650653,456,19,1,CDE,56206.0,"{""STRAWBERRY"": 42, ""WHEAT"": 5, ""COW"": 8, ""TOMATO"": 10, ""GOOSE"": 7, ""SHEEP"": 3}","[""ICE_CREAM_SHOP"", ""FARMERS_MARKET"", ""FARMERS_MARKET"", ""FARMERS_MARKET"", ""SMOOTHIE_SHOP"", ""FARMERS_MARKET""]","{""CARROT"": 51, ""EGG"": 41, ""FERTILIZER"": 37, ""MELON"": 122, ""MILK"": 38, ""STRAWBERRY"": 210, ""TOMATO"": 85, ""WHEAT"": 42, ""WOOL"": 5}"
115650653,480,20,0,Unknown Mother-Goose,60909.0,"{""STRAWBERRY"": 39, ""WHEAT"": 8, ""COW"": 8, ""TOMATO"": 10, ""GOOSE"": 7, ""SHEEP"": 3}","[""ICE_CREAM_SHOP"", ""FARMERS_MARKET"", ""FARMERS_MARKET"", ""FARMERS_MARKET"", ""SMOOTHIE_SHOP"", ""FARMERS_MARKET""]","{""CARROT"": 53, ""EGG"": 41, ""FERTILIZER"": 36, ""MELON"": 125, ""MILK"": 45, ""STRAWBERRY"": 204, ""TOMATO"": 92, ""WHEAT"": 43, ""WOOL"": 11}"
115650653,480,20,1,CDE,60589.0,"{""STRAWBERRY"": 38, ""WHEAT"": 9, ""COW"": 8, ""TOMATO"": 10, ""GOOSE"": 7, ""SHEEP"": 3}","[""ICE_CREAM_SHOP"", ""FARMERS_MARKET"", ""FARMERS_MARKET"", ""FARMERS_MARKET"", ""SMOOTHIE_SHOP"", ""FARMERS_MARKET""]","{""CARROT"": 53, ""EGG"": 41, ""FERTILIZER"": 36, ""MELON"": 125, ""MILK"": 45, ""STRAWBERRY"": 204, ""TOMATO"": 92, ""WHEAT"": 43, ""WOOL"": 11}"
115650653,504,21,0,Unknown Mother-Goose,67598.0,"{""STRAWBERRY"": 39, ""WHEAT"": 8, ""COW"": 7, ""PASTURE"": 1, ""TOMATO"": 10, ""GOOSE"": 7, ""SHEEP"": 3}","[""ICE_CREAM_SHOP"", ""FARMERS_MARKET"", ""FARMERS_MARKET"", ""FARMERS_MARKET"", ""SMOOTHIE_SHOP"", ""FARMERS_MARKET"", ""BAKERY""]","{""CARROT"": 55, ""EGG"": 41, ""FERTILIZER"": 32, ""MELON"": 127, ""MILK"": 34, ""STRAWBERRY"": 192, ""TOMATO"": 105, ""WHEAT"": 45, ""WOOL"": 18}"
115650653,504,21,1,CDE,68198.0,"{""STRAWBERRY"": 38, ""WHEAT"": 9, ""COW"": 7, ""PASTURE"": 1, ""TOMATO"": 10, ""GOOSE"": 7, ""SHEEP"": 3}","[""ICE_CREAM_SHOP"", ""FARMERS_MARKET"", ""FARMERS_MARKET"", ""FARMERS_MARKET"", ""SMOOTHIE_SHOP"", ""FARMERS_MARKET"", ""BAKERY""]","{""CARROT"": 55, ""EGG"": 41, ""FERTILIZER"": 32, ""MELON"": 127, ""MILK"": 34, ""STRAWBERRY"": 192, ""TOMATO"": 105, ""WHEAT"": 45, ""WOOL"": 18}"
115650653,528,22,0,Unknown Mother-Goose,73201.0,"{""WHEAT"": 10, ""COW"": 7, ""STRAWBERRY"": 38, ""TOMATO"": 10, ""GOOSE"": 7, ""SHEEP"": 3}","[""ICE_CREAM_SHOP"", ""FARMERS_MARKET"", ""FARMERS_MARKET"", ""FARMERS_MARKET"", ""SMOOTHIE_SHOP"", ""FARMERS_MARKET"", ""BAKERY""]","{""CARROT"": 57, ""EGG"": 41, ""FERTILIZER"": 29, ""MELON"": 129, ""MILK"": 40, ""STRAWBERRY"": 186, ""TOMATO"": 124, ""WHEAT"": 46, ""WOOL"": 1}"
115650653,528,22,1,CDE,73192.0,"{""WHEAT"": 11, ""COW"": 7, ""STRAWBERRY"": 37, ""TOMATO"": 10, ""GOOSE"": 7, ""SHEEP"": 3}","[""ICE_CREAM_SHOP"", ""FARMERS_MARKET"", ""FARMERS_MARKET"", ""FARMERS_MARKET"", ""SMOOTHIE_SHOP"", ""FARMERS_MARKET"", ""BAKERY""]","{""CARROT"": 57, ""EGG"": 41, ""FERTILIZER"": 29, ""MELON"": 129, ""MILK"": 40, ""STRAWBERRY"": 186, ""TOMATO"": 124, ""WHEAT"": 46, ""WOOL"": 1}"
115650653,552,23,0,Unknown Mother-Goose,78244.0,"{""WHEAT"": 25, ""COW"": 7, ""TOMATO"": 10, ""GOOSE"": 7, ""STRAWBERRY"": 19, ""SHEEP"": 3}","[""ICE_CREAM_SHOP"", ""FARMERS_MARKET"", ""FARMERS_MARKET"", ""FARMERS_MARKET"", ""SMOOTHIE_SHOP"", ""FARMERS_MARKET"", ""BAKERY""]","{""CARROT"": 59, ""EGG"": 40, ""FERTILIZER"": 27, ""MELON"": 131, ""MILK"": 38, ""STRAWBERRY"": 181, ""TOMATO"": 150, ""WHEAT"": 46, ""WOOL"": 5}"
115650653,552,23,1,CDE,78774.0,"{""WHEAT"": 27, ""COW"": 7, ""STRAWBERRY"": 19, ""TOMATO"": 10, ""GOOSE"": 7, ""SHEEP"": 3}","[""ICE_CREAM_SHOP"", ""FARMERS_MARKET"", ""FARMERS_MARKET"", ""FARMERS_MARKET"", ""SMOOTHIE_SHOP"", ""FARMERS_MARKET"", ""BAKERY""]","{""CARROT"": 59, ""EGG"": 40, ""FERTILIZER"": 27, ""MELON"": 131, ""MILK"": 38, ""STRAWBERRY"": 181, ""TOMATO"": 150, ""WHEAT"": 46, ""WOOL"": 5}"
115650653,576,24,0,Unknown Mother-Goose,84170.0,"{""WHEAT"": 28, ""COW"": 7, ""TOMATO"": 10, ""GOOSE"": 7, ""STRAWBERRY"": 19, ""SHEEP"": 3, ""CARROT"": 1}","[""ICE_CREAM_SHOP"", ""FARMERS_MARKET"", ""FARMERS_MARKET"", ""FARMERS_MARKET"", ""SMOOTHIE_SHOP"", ""FARMERS_MARKET"", ""BAKERY"", ""YARN_STORE""]","{""CARROT"": 61, ""EGG"": 40, ""FERTILIZER"": 25, ""MELON"": 133, ""MILK"": 32, ""STRAWBERRY"": 172, ""TOMATO"": 181, ""WHEAT"": 47, ""WOOL"": 11}"
115650653,576,24,1,CDE,83776.0,"{""WHEAT"": 29, ""COW"": 7, ""CARROT"": 1, ""TOMATO"": 10, ""GOOSE"": 7, ""STRAWBERRY"": 18, ""SHEEP"": 3}","[""ICE_CREAM_SHOP"", ""FARMERS_MARKET"", ""FARMERS_MARKET"", ""FARMERS_MARKET"", ""SMOOTHIE_SHOP"", ""FARMERS_MARKET"", ""BAKERY"", ""YARN_STORE""]","{""CARROT"": 61, ""EGG"": 40, ""FERTILIZER"": 25, ""MELON"": 133, ""MILK"": 32, ""STRAWBERRY"": 172, ""TOMATO"": 181, ""WHEAT"": 47, ""WOOL"": 11}"
115650653,600,25,0,Unknown Mother-Goose,89655.0,"{""CARROT"": 4, ""WHEAT"": 28, ""PASTURE"": 1, ""COW"": 6, ""TOMATO"": 10, ""GOOSE"": 7, ""STRAWBERRY"": 16, ""SHEEP"": 3}","[""ICE_CREAM_SHOP"", ""FARMERS_MARKET"", ""FARMERS_MARKET"", ""FARMERS_MARKET"", ""SMOOTHIE_SHOP"", ""FARMERS_MARKET"", ""BAKERY"", ""YARN_STORE""]","{""CARROT"": 63, ""EGG"": 40, ""FERTILIZER"": 24, ""MELON"": 136, ""MILK"": 26, ""STRAWBERRY"": 160, ""TOMATO"": 218, ""WHEAT"": 47, ""WOOL"": 88}"
115650653,600,25,1,CDE,89315.0,"{""WHEAT"": 27, ""PASTURE"": 1, ""CARROT"": 6, ""COW"": 6, ""TOMATO"": 10, ""GOOSE"": 7, ""STRAWBERRY"": 14, ""SHEEP"": 3}","[""ICE_CREAM_SHOP"", ""FARMERS_MARKET"", ""FARMERS_MARKET"", ""FARMERS_MARKET"", ""SMOOTHIE_SHOP"", ""FARMERS_MARKET"", ""BAKERY"", ""YARN_STORE""]","{""CARROT"": 63, ""EGG"": 40, ""FERTILIZER"": 24, ""MELON"": 136, ""MILK"": 26, ""STRAWBERRY"": 160, ""TOMATO"": 218, ""WHEAT"": 47, ""WOOL"": 88}"
115650653,624,26,0,Unknown Mother-Goose,97227.0,"{""CARROT"": 14, ""WHEAT"": 24, ""PASTURE"": 2, ""TOMATO"": 10, ""COW"": 4, ""GOOSE"": 7, ""STRAWBERRY"": 11, ""SHEEP"": 3}","[""ICE_CREAM_SHOP"", ""FARMERS_MARKET"", ""FARMERS_MARKET"", ""FARMERS_MARKET"", ""SMOOTHIE_SHOP"", ""FARMERS_MARKET"", ""BAKERY"", ""YARN_STORE""]","{""CARROT"": 65, ""EGG"": 40, ""FERTILIZER"": 23, ""MELON"": 138, ""MILK"": 28, ""STRAWBERRY"": 161, ""TOMATO"": 210, ""WHEAT"": 47, ""WOOL"": 49}"
115650653,624,26,1,CDE,99315.0,"{""WHEAT"": 25, ""CARROT"": 12, ""PASTURE"": 2, ""TOMATO"": 10, ""COW"": 4, ""GOOSE"": 7, ""STRAWBERRY"": 12, ""SHEEP"": 3}","[""ICE_CREAM_SHOP"", ""FARMERS_MARKET"", ""FARMERS_MARKET"", ""FARMERS_MARKET"", ""SMOOTHIE_SHOP"", ""FARMERS_MARKET"", ""BAKERY"", ""YARN_STORE""]","{""CARROT"": 65, ""EGG"": 40, ""FERTILIZER"": 23, ""MELON"": 138, ""MILK"": 28, ""STRAWBERRY"": 161, ""TOMATO"": 210, ""WHEAT"": 47, ""WOOL"": 49}"
115650653,648,27,0,Unknown Mother-Goose,108734.0,"{""CARROT"": 18, ""WHEAT"": 22, ""TOMATO"": 10, ""COW"": 4, ""GOOSE"": 7, ""STRAWBERRY"": 11, ""SHEEP"": 3}","[""ICE_CREAM_SHOP"", ""FARMERS_MARKET"", ""FARMERS_MARKET"", ""FARMERS_MARKET"", ""SMOOTHIE_SHOP"", ""FARMERS_MARKET"", ""BAKERY"", ""YARN_STORE""]","{""CARROT"": 66, ""EGG"": 40, ""FERTILIZER"": 23, ""MELON"": 140, ""MILK"": 36, ""STRAWBERRY"": 165, ""TOMATO"": 182, ""WHEAT"": 46, ""WOOL"": 66}"
115650653,648,27,1,CDE,106425.0,"{""WHEAT"": 16, ""CARROT"": 22, ""TOMATO"": 10, ""COW"": 4, ""GOOSE"": 7, ""STRAWBERRY"": 12, ""SHEEP"": 3}","[""ICE_CREAM_SHOP"", ""FARMERS_MARKET"", ""FARMERS_MARKET"", ""FARMERS_MARKET"", ""SMOOTHIE_SHOP"", ""FARMERS_MARKET"", ""BAKERY"", ""YARN_STORE""]","{""CARROT"": 66, ""EGG"": 40, ""FERTILIZER"": 23, ""MELON"": 140, ""MILK"": 36, ""STRAWBERRY"": 165, ""TOMATO"": 182, ""WHEAT"": 46, ""WOOL"": 66}"
115650653,672,28,0,Unknown Mother-Goose,116642.0,"{""CARROT"": 18, ""WHEAT"": 20, ""TOMATO"": 7, ""COW"": 4, ""GOOSE"": 7, ""STRAWBERRY"": 10, ""SHEEP"": 3}","[""ICE_CREAM_SHOP"", ""FARMERS_MARKET"", ""FARMERS_MARKET"", ""FARMERS_MARKET"", ""SMOOTHIE_SHOP"", ""FARMERS_MARKET"", ""BAKERY"", ""YARN_STORE""]","{""CARROT"": 67, ""EGG"": 40, ""FERTILIZER"": 22, ""MELON"": 142, ""MILK"": 26, ""STRAWBERRY"": 176, ""TOMATO"": 173, ""WHEAT"": 45, ""WOOL"": 72}"
115650653,672,28,1,CDE,114336.0,"{""CARROT"": 22, ""WHEAT"": 16, ""TOMATO"": 7, ""COW"": 4, ""GOOSE"": 7, ""STRAWBERRY"": 12, ""PASTURE"": 1, ""SHEEP"": 2}","[""ICE_CREAM_SHOP"", ""FARMERS_MARKET"", ""FARMERS_MARKET"", ""FARMERS_MARKET"", ""SMOOTHIE_SHOP"", ""FARMERS_MARKET"", ""BAKERY"", ""YARN_STORE""]","{""CARROT"": 67, ""EGG"": 40, ""FERTILIZER"": 22, ""MELON"": 142, ""MILK"": 26, ""STRAWBERRY"": 176, ""TOMATO"": 173, ""WHEAT"": 45, ""WOOL"": 72}"
115650653,696,29,0,Unknown Mother-Goose,126796.0,"{""WHEAT"": 13, ""CARROT"": 5, ""TOMATO"": 5, ""WEED"": 4, ""COW"": 4, ""GOOSE"": 7, ""STRAWBERRY"": 9, ""PASTURE"": 3}","[""ICE_CREAM_SHOP"", ""FARMERS_MARKET"", ""FARMERS_MARKET"", ""FARMERS_MARKET"", ""SMOOTHIE_SHOP"", ""FARMERS_MARKET"", ""BAKERY"", ""YARN_STORE""]","{""CARROT"": 65, ""EGG"": 40, ""FERTILIZER"": 22, ""MELON"": 144, ""MILK"": 34, ""STRAWBERRY"": 179, ""TOMATO"": 160, ""WHEAT"": 44, ""WOOL"": 88}"
115650653,696,29,1,CDE,125310.0,"{""CARROT"": 7, ""TOMATO"": 5, ""WHEAT"": 9, ""COW"": 4, ""GOOSE"": 7, ""STRAWBERRY"": 12, ""PASTURE"": 3, ""WEED"": 2}","[""ICE_CREAM_SHOP"", ""FARMERS_MARKET"", ""FARMERS_MARKET"", ""FARMERS_MARKET"", ""SMOOTHIE_SHOP"", ""FARMERS_MARKET"", ""BAKERY"", ""YARN_STORE""]","{""CARROT"": 65, ""EGG"": 40, ""FERTILIZER"": 22, ""MELON"": 144, ""MILK"": 34, ""STRAWBERRY"": 179, ""TOMATO"": 160, ""WHEAT"": 44, ""WOOL"": 88}"
115650653,719,29,0,Unknown Mother-Goose,137700.0,"{""WEED"": 11, ""COW"": 4, ""GOOSE"": 7, ""STRAWBERRY"": 7, ""PASTURE"": 3}","[""ICE_CREAM_SHOP"", ""FARMERS_MARKET"", ""FARMERS_MARKET"", ""FARMERS_MARKET"", ""SMOOTHIE_SHOP"", ""FARMERS_MARKET"", ""BAKERY"", ""YARN_STORE""]","{""CARROT"": 60, ""EGG"": 40, ""FERTILIZER"": 18, ""MELON"": 146, ""MILK"": 32, ""STRAWBERRY"": 176, ""TOMATO"": 177, ""WHEAT"": 42, ""WOOL"": 24}"
115650653,719,29,1,CDE,137711.0,"{""WEED"": 10, ""COW"": 4, ""GOOSE"": 7, ""STRAWBERRY"": 9, ""PASTURE"": 3}","[""ICE_CREAM_SHOP"", ""FARMERS_MARKET"", ""FARMERS_MARKET"", ""FARMERS_MARKET"", ""SMOOTHIE_SHOP"", ""FARMERS_MARKET"", ""BAKERY"", ""YARN_STORE""]","{""CARROT"": 60, ""EGG"": 40, ""FERTILIZER"": 18, ""MELON"": 146, ""MILK"": 32, ""STRAWBERRY"": 176, ""TOMATO"": 177, ""WHEAT"": 42, ""WOOL"": 24}"
115653683,0,0,0,yuto083,3000.0,{},[],"{""CARROT"": 35, ""EGG"": 50, ""FERTILIZER"": 100, ""MELON"": 250, ""MILK"": 160, ""STRAWBERRY"": 120, ""TOMATO"": 60, ""WHEAT"": 25, ""WOOL"": 200}"
115653683,0,0,1,Happy Farm,3000.0,{},[],"{""CARROT"": 35, ""EGG"": 50, ""FERTILIZER"": 100, ""MELON"": 250, ""MILK"": 160, ""STRAWBERRY"": 120, ""TOMATO"": 60, ""WHEAT"": 25, ""WOOL"": 200}"
115653683,24,1,0,yuto083,9.0,"{""WHEAT"": 12, ""MELON"": 6, ""COW"": 2, ""SHEEP"": 3}",[],"{""CARROT"": 35, ""EGG"": 50, ""FERTILIZER"": 100, ""MELON"": 256, ""MILK"": 169, ""STRAWBERRY"": 128, ""TOMATO"": 60, ""WHEAT"": 28, ""WOOL"": 206}"
115653683,24,1,1,Happy Farm,9.0,"{""WHEAT"": 12, ""MELON"": 6, ""COW"": 2, ""SHEEP"": 3}",[],"{""CARROT"": 35, ""EGG"": 50, ""FERTILIZER"": 100, ""MELON"": 256, ""MILK"": 169, ""STRAWBERRY"": 128, ""TOMATO"": 60, ""WHEAT"": 28, ""WOOL"": 206}"
115653683,48,2,0,yuto083,139.0,"{""WHEAT"": 12, ""MELON"": 8, ""COW"": 2, ""SHEEP"": 3}",[],"{""CARROT"": 35, ""EGG"": 50, ""FERTILIZER"": 98, ""MELON"": 260, ""MILK"": 172, ""STRAWBERRY"": 132, ""TOMATO"": 60, ""WHEAT"": 30, ""WOOL"": 209}"
115653683,48,2,1,Happy Farm,139.0,"{""WHEAT"": 12, ""MELON"": 8, ""COW"": 2, ""SHEEP"": 3}",[],"{""CARROT"": 35, ""EGG"": 50, ""FERTILIZER"": 98, ""MELON"": 260, ""MILK"": 172, ""STRAWBERRY"": 132, ""TOMATO"": 60, ""WHEAT"": 30, ""WOOL"": 209}"
115653683,72,3,0,yuto083,52.0,"{""WHEAT"": 9, ""STRAWBERRY"": 2, ""COW"": 3, ""MELON"": 8, ""SHEEP"": 3}","[""PIZZA_SHOP""]","{""CARROT"": 35, ""EGG"": 50, ""FERTILIZER"": 96, ""MELON"": 262, ""MILK"": 175, ""STRAWBERRY"": 135, ""TOMATO"": 60, ""WHEAT"": 29, ""WOOL"": 212}"
115653683,72,3,1,Happy Farm,52.0,"{""WHEAT"": 9, ""STRAWBERRY"": 2, ""COW"": 3, ""MELON"": 8, ""SHEEP"": 3}","[""PIZZA_SHOP""]","{""CARROT"": 35, ""EGG"": 50, ""FERTILIZER"": 96, ""MELON"": 262, ""MILK"": 175, ""STRAWBERRY"": 135, ""TOMATO"": 60, ""WHEAT"": 29, ""WOOL"": 212}"
115653683,96,4,0,yuto083,10.0,"{""WHEAT"": 4, ""STRAWBERRY"": 6, ""COW"": 4, ""MELON"": 8, ""SHEEP"": 3}","[""PIZZA_SHOP""]","{""CARROT"": 35, ""EGG"": 50, ""FERTILIZER"": 94, ""MELON"": 264, ""MILK"": 187, ""STRAWBERRY"": 137, ""TOMATO"": 61, ""WHEAT"": 28, ""WOOL"": 214}"
115653683,96,4,1,Happy Farm,10.0,"{""WHEAT"": 4, ""STRAWBERRY"": 6, ""COW"": 4, ""MELON"": 8, ""SHEEP"": 3}","[""PIZZA_SHOP""]","{""CARROT"": 35, ""EGG"": 50, ""FERTILIZER"": 94, ""MELON"": 264, ""MILK"": 187, ""STRAWBERRY"": 137, ""TOMATO"": 61, ""WHEAT"": 28, ""WOOL"": 214}"
115653683,120,5,0,yuto083,14.0,"{""STRAWBERRY"": 6, ""COW"": 6, ""WHEAT"": 1, ""MELON"": 8, ""SHEEP"": 3}","[""PIZZA_SHOP""]","{""CARROT"": 35, ""EGG"": 50, ""FERTILIZER"": 91, ""MELON"": 266, ""MILK"": 196, ""STRAWBERRY"": 139, ""TOMATO"": 62, ""WHEAT"": 27, ""WOOL"": 215}"
115653683,120,5,1,Happy Farm,14.0,"{""STRAWBERRY"": 6, ""COW"": 6, ""WHEAT"": 1, ""MELON"": 8, ""SHEEP"": 3}","[""PIZZA_SHOP""]","{""CARROT"": 35, ""EGG"": 50, ""FERTILIZER"": 91, ""MELON"": 266, ""MILK"": 196, ""STRAWBERRY"": 139, ""TOMATO"": 62, ""WHEAT"": 27, ""WOOL"": 215}"
115653683,144,6,0,yuto083,153.0,"{""STRAWBERRY"": 7, ""COW"": 7, ""MELON"": 8, ""SHEEP"": 3}","[""PIZZA_SHOP"", ""PIZZA_SHOP""]","{""CARROT"": 35, ""EGG"": 50, ""FERTILIZER"": 87, ""MELON"": 267, ""MILK"": 203, ""STRAWBERRY"": 141, ""TOMATO"": 63, ""WHEAT"": 30, ""WOOL"": 217}"
115653683,144,6,1,Happy Farm,153.0,"{""STRAWBERRY"": 7, ""COW"": 7, ""MELON"": 8, ""SHEEP"": 3}","[""PIZZA_SHOP"", ""PIZZA_SHOP""]","{""CARROT"": 35, ""EGG"": 50, ""FERTILIZER"": 87, ""MELON"": 267, ""MILK"": 203, ""STRAWBERRY"": 141, ""TOMATO"": 63, ""WHEAT"": 30, ""WOOL"": 217}"
115653683,168,7,0,yuto083,355.0,"{""STRAWBERRY"": 12, ""COW"": 12, ""WHEAT"": 10, ""MELON"": 12, ""SHEEP"": 3}","[""PIZZA_SHOP"", ""PIZZA_SHOP""]","{""CARROT"": 36, ""EGG"": 50, ""FERTILIZER"": 83, ""MELON"": 268, ""MILK"": 213, ""STRAWBERRY"": 142, ""TOMATO"": 64, ""WHEAT"": 31, ""WOOL"": 151}"
115653683,168,7,1,Happy Farm,535.0,"{""STRAWBERRY"": 11, ""COW"": 10, ""WHEAT"": 11, ""MELON"": 12, ""GOOSE"": 1, ""SHEEP"": 3}","[""PIZZA_SHOP"", ""PIZZA_SHOP""]","{""CARROT"": 36, ""EGG"": 50, ""FERTILIZER"": 83, ""MELON"": 268, ""MILK"": 213, ""STRAWBERRY"": 142, ""TOMATO"": 64, ""WHEAT"": 31, ""WOOL"": 151}"
115653683,192,8,0,yuto083,334.0,"{""STRAWBERRY"": 12, ""COW"": 11, ""WHEAT"": 10, ""GOOSE"": 1, ""MELON"": 12, ""PASTURE"": 1, ""SHEEP"": 3}","[""PIZZA_SHOP"", ""PIZZA_SHOP""]","{""CARROT"": 36, ""EGG"": 50, ""FERTILIZER"": 79, ""MELON"": 269, ""MILK"": 221, ""STRAWBERRY"": 144, ""TOMATO"": 66, ""WHEAT"": 35, ""WOOL"": 154}"
115653683,192,8,1,Happy Farm,739.0,"{""STRAWBERRY"": 11, ""COW"": 11, ""WHEAT"": 12, ""MELON"": 12, ""GOOSE"": 1, ""SHEEP"": 3}","[""PIZZA_SHOP"", ""PIZZA_SHOP""]","{""CARROT"": 36, ""EGG"": 50, ""FERTILIZER"": 79, ""MELON"": 269, ""MILK"": 221, ""STRAWBERRY"": 144, ""TOMATO"": 66, ""WHEAT"": 35, ""WOOL"": 154}"
115653683,216,9,0,yuto083,155.0,"{""STRAWBERRY"": 12, ""COW"": 11, ""WHEAT"": 28, ""GOOSE"": 4, ""MELON"": 12, ""SHEEP"": 3}","[""PIZZA_SHOP"", ""PIZZA_SHOP"", ""YARN_STORE""]","{""CARROT"": 36, ""EGG"": 51, ""FERTILIZER"": 74, ""MELON"": 270, ""MILK"": 214, ""STRAWBERRY"": 145, ""TOMATO"": 68, ""WHEAT"": 36, ""WOOL"": 158}"
115653683,216,9,1,Happy Farm,528.0,"{""STRAWBERRY"": 11, ""COW"": 11, ""WHEAT"": 28, ""MELON"": 12, ""GOOSE"": 5, ""SHEEP"": 3}","[""PIZZA_SHOP"", ""PIZZA_SHOP"", ""YARN_STORE""]","{""CARROT"": 36, ""EGG"": 51, ""FERTILIZER"": 74, ""MELON"": 270, ""MILK"": 214, ""STRAWBERRY"": 145, ""TOMATO"": 68, ""WHEAT"": 36, ""WOOL"": 158}"
115653683,240,10,0,yuto083,22.0,"{""STRAWBERRY"": 12, ""COW"": 11, ""WHEAT"": 30, ""GOOSE"": 4, ""MELON"": 12, ""SHEEP"": 6}","[""PIZZA_SHOP"", ""PIZZA_SHOP"", ""YARN_STORE""]","{""CARROT"": 36, ""EGG"": 51, ""FERTILIZER"": 68, ""MELON"": 271, ""MILK"": 223, ""STRAWBERRY"": 147, ""TOMATO"": 69, ""WHEAT"": 38, ""WOOL"": 133}"
115653683,240,10,1,Happy Farm,226.0,"{""STRAWBERRY"": 11, ""COW"": 11, ""WHEAT"": 29, ""MELON"": 12, ""WEED"": 1, ""GOOSE"": 5, ""SHEEP"": 6}","[""PIZZA_SHOP"", ""PIZZA_SHOP"", ""YARN_STORE""]","{""CARROT"": 36, ""EGG"": 51, ""FERTILIZER"": 68, ""MELON"": 271, ""MILK"": 223, ""STRAWBERRY"": 147, ""TOMATO"": 69, ""WHEAT"": 38, ""WOOL"": 133}"
115653683,264,11,0,yuto083,7146.0,"{""STRAWBERRY"": 12, ""COW"": 11, ""WHEAT"": 33, ""GOOSE"": 4, ""SHEEP"": 8, ""MELON"": 6}","[""PIZZA_SHOP"", ""PIZZA_SHOP"", ""YARN_STORE""]","{""CARROT"": 36, ""EGG"": 51, ""FERTILIZER"": 63, ""MELON"": 213, ""MILK"": 227, ""STRAWBERRY"": 148, ""TOMATO"": 71, ""WHEAT"": 40, ""WOOL"": 174}"
115653683,264,11,1,Happy Farm,8701.0,"{""STRAWBERRY"": 11, ""COW"": 11, ""WHEAT"": 34, ""GOOSE"": 5, ""MELON"": 6, ""SHEEP"": 7}","[""PIZZA_SHOP"", ""PIZZA_SHOP"", ""YARN_STORE""]","{""CARROT"": 36, ""EGG"": 51, ""FERTILIZER"": 63, ""MELON"": 213, ""MILK"": 227, ""STRAWBERRY"": 148, ""TOMATO"": 71, ""WHEAT"": 40, ""WOOL"": 174}"
115653683,288,12,0,yuto083,12321.0,"{""STRAWBERRY"": 12, ""COW"": 11, ""WHEAT"": 36, ""GOOSE"": 4, ""SHEEP"": 8, ""MELON"": 4}","[""PIZZA_SHOP"", ""PIZZA_SHOP"", ""YARN_STORE"", ""BRUNCH_SPOT""]","{""CARROT"": 36, ""EGG"": 51, ""FERTILIZER"": 58, ""MELON"": 179, ""MILK"": 224, ""STRAWBERRY"": 149, ""TOMATO"": 72, ""WHEAT"": 41, ""WOOL"": 196}"
115653683,288,12,1,Happy Farm,13598.0,"{""STRAWBERRY"": 10, ""COW"": 11, ""WHEAT"": 33, ""WEED"": 2, ""GOOSE"": 5, ""SHEEP"": 7, ""MELON"": 4, ""TOMATO"": 2}","[""PIZZA_SHOP"", ""PIZZA_SHOP"", ""YARN_STORE"", ""BRUNCH_SPOT""]","{""CARROT"": 36, ""EGG"": 51, ""FERTILIZER"": 58, ""MELON"": 179, ""MILK"": 224, ""STRAWBERRY"": 149, ""TOMATO"": 72, ""WHEAT"": 41, ""WOOL"": 196}"
115653683,312,13,0,yuto083,16550.0,"{""STRAWBERRY"": 17, ""COW"": 11, ""WHEAT"": 30, ""GOOSE"": 4, ""SHEEP"": 8, ""MELON"": 4}","[""PIZZA_SHOP"", ""PIZZA_SHOP"", ""YARN_STORE"", ""BRUNCH_SPOT""]","{""CARROT"": 36, ""EGG"": 49, ""FERTILIZER"": 52, ""MELON"": 181, ""MILK"": 208, ""STRAWBERRY"": 157, ""TOMATO"": 74, ""WHEAT"": 39, ""WOOL"": 215}"
115653683,312,13,1,Happy Farm,19637.0,"{""STRAWBERRY"": 16, ""COW"": 11, ""WHEAT"": 28, ""GOOSE"": 5, ""SHEEP"": 8, ""MELON"": 4, ""TOMATO"": 2}","[""PIZZA_SHOP"", ""PIZZA_SHOP"", ""YARN_STORE"", ""BRUNCH_SPOT""]","{""CARROT"": 36, ""EGG"": 49, ""FERTILIZER"": 52, ""MELON"": 181, ""MILK"": 208, ""STRAWBERRY"": 157, ""TOMATO"": 74, ""WHEAT"": 39, ""WOOL"": 215}"
115653683,336,14,0,yuto083,21011.0,"{""STRAWBERRY"": 21, ""COW"": 11, ""WHEAT"": 27, ""GOOSE"": 4, ""SHEEP"": 8, ""MELON"": 4}","[""PIZZA_SHOP"", ""PIZZA_SHOP"", ""YARN_STORE"", ""BRUNCH_SPOT""]","{""CARROT"": 36, ""EGG"": 47, ""FERTILIZER"": 47, ""MELON"": 183, ""MILK"": 203, ""STRAWBERRY"": 158, ""TOMATO"": 75, ""WHEAT"": 38, ""WOOL"": 223}"
115653683,336,14,1,Happy Farm,23890.0,"{""STRAWBERRY"": 18, ""COW"": 11, ""WHEAT"": 24, ""GOOSE"": 5, ""SHEEP"": 8, ""MELON"": 4, ""TOMATO"": 5}","[""PIZZA_SHOP"", ""PIZZA_SHOP"", ""YARN_STORE"", ""BRUNCH_SPOT""]","{""CARROT"": 36, ""EGG"": 47, ""FERTILIZER"": 47, ""MELON"": 183, ""MILK"": 203, ""STRAWBERRY"": 158, ""TOMATO"": 75, ""WHEAT"": 38, ""WOOL"": 223}"
115653683,360,15,0,yuto083,31368.0,"{""STRAWBERRY"": 22, ""COW"": 11, ""WHEAT"": 26, ""GOOSE"": 4, ""SHEEP"": 8, ""MELON"": 4}","[""PIZZA_SHOP"", ""PIZZA_SHOP"", ""YARN_STORE"", ""BRUNCH_SPOT"", ""PIZZA_SHOP""]","{""CARROT"": 36, ""EGG"": 45, ""FERTILIZER"": 40, ""MELON"": 184, ""MILK"": 93, ""STRAWBERRY"": 159, ""TOMATO"": 77, ""WHEAT"": 37, ""WOOL"": 221}"
115653683,360,15,1,Happy Farm,31511.0,"{""STRAWBERRY"": 18, ""COW"": 11, ""WHEAT"": 16, ""TOMATO"": 12, ""GOOSE"": 5, ""SHEEP"": 8, ""MELON"": 4}","[""PIZZA_SHOP"", ""PIZZA_SHOP"", ""YARN_STORE"", ""BRUNCH_SPOT"", ""PIZZA_SHOP""]","{""CARROT"": 36, ""EGG"": 45, ""FERTILIZER"": 40, ""MELON"": 184, ""MILK"": 93, ""STRAWBERRY"": 159, ""TOMATO"": 77, ""WHEAT"": 37, ""WOOL"": 221}"
115653683,384,16,0,yuto083,39562.0,"{""STRAWBERRY"": 22, ""COW"": 11, ""WHEAT"": 26, ""GOOSE"": 4, ""SHEEP"": 8, ""MELON"": 4}","[""PIZZA_SHOP"", ""PIZZA_SHOP"", ""YARN_STORE"", ""BRUNCH_SPOT"", ""PIZZA_SHOP""]","{""CARROT"": 36, ""EGG"": 44, ""FERTILIZER"": 35, ""MELON"": 186, ""MILK"": 89, ""STRAWBERRY"": 145, ""TOMATO"": 79, ""WHEAT"": 36, ""WOOL"": 161}"
115653683,384,16,1,Happy Farm,41052.0,"{""STRAWBERRY"": 19, ""COW"": 11, ""WHEAT"": 16, ""TOMATO"": 12, ""GOOSE"": 5, ""SHEEP"": 8, ""MELON"": 4}","[""PIZZA_SHOP"", ""PIZZA_SHOP"", ""YARN_STORE"", ""BRUNCH_SPOT"", ""PIZZA_SHOP""]","{""CARROT"": 36, ""EGG"": 44, ""FERTILIZER"": 35, ""MELON"": 186, ""MILK"": 89, ""STRAWBERRY"": 145, ""TOMATO"": 79, ""WHEAT"": 36, ""WOOL"": 161}"
115653683,408,17,0,yuto083,48377.0,"{""STRAWBERRY"": 21, ""COW"": 11, ""WHEAT"": 31, ""GOOSE"": 4, ""SHEEP"": 8}","[""PIZZA_SHOP"", ""PIZZA_SHOP"", ""YARN_STORE"", ""BRUNCH_SPOT"", ""PIZZA_SHOP""]","{""CARROT"": 36, ""EGG"": 44, ""FERTILIZER"": 29, ""MELON"": 89, ""MILK"": 72, ""STRAWBERRY"": 97, ""TOMATO"": 81, ""WHEAT"": 35, ""WOOL"": 129}"
115653683,408,17,1,Happy Farm,49544.0,"{""STRAWBERRY"": 19, ""COW"": 11, ""TOMATO"": 17, ""WHEAT"": 15, ""GOOSE"": 5, ""SHEEP"": 8}","[""PIZZA_SHOP"", ""PIZZA_SHOP"", ""YARN_STORE"", ""BRUNCH_SPOT"", ""PIZZA_SHOP""]","{""CARROT"": 36, ""EGG"": 44, ""FERTILIZER"": 29, ""MELON"": 89, ""MILK"": 72, ""STRAWBERRY"": 97, ""TOMATO"": 81, ""WHEAT"": 35, ""WOOL"": 129}"
115653683,432,18,0,yuto083,52517.0,"{""STRAWBERRY"": 21, ""COW"": 11, ""WHEAT"": 29, ""GOOSE"": 4, ""CARROT"": 2, ""SHEEP"": 8}","[""PIZZA_SHOP"", ""PIZZA_SHOP"", ""YARN_STORE"", ""BRUNCH_SPOT"", ""PIZZA_SHOP"", ""PET_CAFE""]","{""CARROT"": 36, ""EGG"": 44, ""FERTILIZER"": 22, ""MELON"": 91, ""MILK"": 55, ""STRAWBERRY"": 84, ""TOMATO"": 84, ""WHEAT"": 35, ""WOOL"": 141}"
115653683,432,18,1,Happy Farm,51617.0,"{""STRAWBERRY"": 19, ""COW"": 11, ""TOMATO"": 20, ""WHEAT"": 12, ""GOOSE"": 5, ""SHEEP"": 8}","[""PIZZA_SHOP"", ""PIZZA_SHOP"", ""YARN_STORE"", ""BRUNCH_SPOT"", ""PIZZA_SHOP"", ""PET_CAFE""]","{""CARROT"": 36, ""EGG"": 44, ""FERTILIZER"": 22, ""MELON"": 91, ""MILK"": 55, ""STRAWBERRY"": 84, ""TOMATO"": 84, ""WHEAT"": 35, ""WOOL"": 141}"
115653683,456,19,0,yuto083,56131.0,"{""STRAWBERRY"": 16, ""CARROT"": 7, ""COW"": 11, ""WHEAT"": 21, ""GOOSE"": 4, ""TOMATO"": 8, ""SHEEP"": 8}","[""PIZZA_SHOP"", ""PIZZA_SHOP"", ""YARN_STORE"", ""BRUNCH_SPOT"", ""PIZZA_SHOP"", ""PET_CAFE""]","{""CARROT"": 37, ""EGG"": 43, ""FERTILIZER"": 18, ""MELON"": 94, ""MILK"": 42, ""STRAWBERRY"": 60, ""TOMATO"": 87, ""WHEAT"": 34, ""WOOL"": 61}"
115653683,456,19,1,Happy Farm,55190.0,"{""STRAWBERRY"": 17, ""WHEAT"": 12, ""COW"": 11, ""TOMATO"": 22, ""GOOSE"": 5, ""SHEEP"": 8}","[""PIZZA_SHOP"", ""PIZZA_SHOP"", ""YARN_STORE"", ""BRUNCH_SPOT"", ""PIZZA_SHOP"", ""PET_CAFE""]","{""CARROT"": 37, ""EGG"": 43, ""FERTILIZER"": 18, ""MELON"": 94, ""MILK"": 42, ""STRAWBERRY"": 60, ""TOMATO"": 87, ""WHEAT"": 34, ""WOOL"": 61}"
115653683,480,20,0,yuto083,58836.0,"{""STRAWBERRY"": 13, ""CARROT"": 8, ""WHEAT"": 23, ""COW"": 10, ""GOOSE"": 4, ""TOMATO"": 8, ""SHEEP"": 8, ""PASTURE"": 1}","[""PIZZA_SHOP"", ""PIZZA_SHOP"", ""YARN_STORE"", ""BRUNCH_SPOT"", ""PIZZA_SHOP"", ""PET_CAFE""]","{""CARROT"": 38, ""EGG"": 43, ""FERTILIZER"": 12, ""MELON"": 96, ""MILK"": 38, ""STRAWBERRY"": 37, ""TOMATO"": 95, ""WHEAT"": 33, ""WOOL"": 66}"
115653683,480,20,1,Happy Farm,57006.0,"{""STRAWBERRY"": 13, ""WHEAT"": 16, ""COW"": 11, ""TOMATO"": 22, ""GOOSE"": 5, ""SHEEP"": 8}","[""PIZZA_SHOP"", ""PIZZA_SHOP"", ""YARN_STORE"", ""BRUNCH_SPOT"", ""PIZZA_SHOP"", ""PET_CAFE""]","{""CARROT"": 38, ""EGG"": 43, ""FERTILIZER"": 12, ""MELON"": 96, ""MILK"": 38, ""STRAWBERRY"": 37, ""TOMATO"": 95, ""WHEAT"": 33, ""WOOL"": 66}"
115653683,504,21,0,yuto083,61609.0,"{""STRAWBERRY"": 12, ""CARROT"": 12, ""WHEAT"": 20, ""COW"": 10, ""GOOSE"": 4, ""TOMATO"": 8, ""SHEEP"": 8, ""WEED"": 1}","[""PIZZA_SHOP"", ""PIZZA_SHOP"", ""YARN_STORE"", ""BRUNCH_SPOT"", ""PIZZA_SHOP"", ""PET_CAFE"", ""ICE_CREAM_SHOP""]","{""CARROT"": 39, ""EGG"": 42, ""FERTILIZER"": 6, ""MELON"": 99, ""MILK"": 13, ""STRAWBERRY"": 28, ""TOMATO"": 101, ""WHEAT"": 32, ""WOOL"": 88}"
115653683,504,21,1,Happy Farm,59371.0,"{""STRAWBERRY"": 13, ""WHEAT"": 16, ""COW"": 11, ""TOMATO"": 22, ""GOOSE"": 5, ""SHEEP"": 8}","[""PIZZA_SHOP"", ""PIZZA_SHOP"", ""YARN_STORE"", ""BRUNCH_SPOT"", ""PIZZA_SHOP"", ""PET_CAFE"", ""ICE_CREAM_SHOP""]","{""CARROT"": 39, ""EGG"": 42, ""FERTILIZER"": 6, ""MELON"": 99, ""MILK"": 13, ""STRAWBERRY"": 28, ""TOMATO"": 101, ""WHEAT"": 32, ""WOOL"": 88}"
115653683,528,22,0,yuto083,64276.0,"{""CARROT"": 15, ""WHEAT"": 19, ""COW"": 10, ""GOOSE"": 4, ""TOMATO"": 8, ""SHEEP"": 8, ""STRAWBERRY"": 11}","[""PIZZA_SHOP"", ""PIZZA_SHOP"", ""YARN_STORE"", ""BRUNCH_SPOT"", ""PIZZA_SHOP"", ""PET_CAFE"", ""ICE_CREAM_SHOP""]","{""CARROT"": 39, ""EGG"": 42, ""FERTILIZER"": 5, ""MELON"": 101, ""MILK"": 36, ""STRAWBERRY"": 30, ""TOMATO"": 113, ""WHEAT"": 33, ""WOOL"": 1}"
115653683,528,22,1,Happy Farm,60259.0,"{""WHEAT"": 15, ""COW"": 11, ""TOMATO"": 22, ""CARROT"": 1, ""STRAWBERRY"": 12, ""GOOSE"": 5, ""SHEEP"": 7, ""PASTURE"": 1}","[""PIZZA_SHOP"", ""PIZZA_SHOP"", ""YARN_STORE"", ""BRUNCH_SPOT"", ""PIZZA_SHOP"", ""PET_CAFE"", ""ICE_CREAM_SHOP""]","{""CARROT"": 39, ""EGG"": 42, ""FERTILIZER"": 5, ""MELON"": 101, ""MILK"": 36, ""STRAWBERRY"": 30, ""TOMATO"": 113, ""WHEAT"": 33, ""WOOL"": 1}"
115653683,552,23,0,yuto083,66289.0,"{""CARROT"": 17, ""WHEAT"": 17, ""COW"": 10, ""GOOSE"": 4, ""TOMATO"": 8, ""SHEEP"": 7, ""PASTURE"": 1, ""STRAWBERRY"": 10}","[""PIZZA_SHOP"", ""PIZZA_SHOP"", ""YARN_STORE"", ""BRUNCH_SPOT"", ""PIZZA_SHOP"", ""PET_CAFE"", ""ICE_CREAM_SHOP""]","{""CARROT"": 39, ""EGG"": 42, ""FERTILIZER"": 1, ""MELON"": 104, ""MILK"": 32, ""STRAWBERRY"": 43, ""TOMATO"": 120, ""WHEAT"": 31, ""WOOL"": 18}"
115653683,552,23,1,Happy Farm,63435.0,"{""WHEAT"": 19, ""COW"": 11, ""TOMATO"": 20, ""CARROT"": 4, ""GOOSE"": 5, ""SHEEP"": 6, ""STRAWBERRY"": 9, ""PASTURE"": 1}","[""PIZZA_SHOP"", ""PIZZA_SHOP"", ""YARN_STORE"", ""BRUNCH_SPOT"", ""PIZZA_SHOP"", ""PET_CAFE"", ""ICE_CREAM_SHOP""]","{""CARROT"": 39, ""EGG"": 42, ""FERTILIZER"": 1, ""MELON"": 104, ""MILK"": 32, ""STRAWBERRY"": 43, ""TOMATO"": 120, ""WHEAT"": 31, ""WOOL"": 18}"
115653683,576,24,0,yuto083,68666.0,"{""CARROT"": 15, ""WHEAT"": 19, ""COW"": 10, ""GOOSE"": 4, ""TOMATO"": 8, ""SHEEP"": 7, ""STRAWBERRY"": 10}","[""PIZZA_SHOP"", ""PIZZA_SHOP"", ""YARN_STORE"", ""BRUNCH_SPOT"", ""PIZZA_SHOP"", ""PET_CAFE"", ""ICE_CREAM_SHOP"", ""BRUNCH_SPOT""]","{""CARROT"": 39, ""EGG"": 42, ""FERTILIZER"": 1, ""MELON"": 106, ""MILK"": 40, ""STRAWBERRY"": 45, ""TOMATO"": 114, ""WHEAT"": 32, ""WOOL"": 24}"
115653683,576,24,1,Happy Farm,67558.0,"{""WHEAT"": 21, ""COW"": 11, ""TOMATO"": 20, ""GOOSE"": 5, ""CARROT"": 3, ""SHEEP"": 6, ""STRAWBERRY"": 9}","[""PIZZA_SHOP"", ""PIZZA_SHOP"", ""YARN_STORE"", ""BRUNCH_SPOT"", ""PIZZA_SHOP"", ""PET_CAFE"", ""ICE_CREAM_SHOP"", ""BRUNCH_SPOT""]","{""CARROT"": 39, ""EGG"": 42, ""FERTILIZER"": 1, ""MELON"": 106, ""MILK"": 40, ""STRAWBERRY"": 45, ""TOMATO"": 114, ""WHEAT"": 32, ""WOOL"": 24}"
115653683,600,25,0,yuto083,71114.0,"{""CARROT"": 9, ""WHEAT"": 27, ""COW"": 10, ""GOOSE"": 4, ""TOMATO"": 8, ""SHEEP"": 7, ""STRAWBERRY"": 10}","[""PIZZA_SHOP"", ""PIZZA_SHOP"", ""YARN_STORE"", ""BRUNCH_SPOT"", ""PIZZA_SHOP"", ""PET_CAFE"", ""ICE_CREAM_SHOP"", ""BRUNCH_SPOT""]","{""CARROT"": 38, ""EGG"": 42, ""FERTILIZER"": 1, ""MELON"": 108, ""MILK"": 42, ""STRAWBERRY"": 55, ""TOMATO"": 114, ""WHEAT"": 32, ""WOOL"": 31}"
115653683,600,25,1,Happy Farm,71979.0,"{""WHEAT"": 22, ""COW"": 11, ""TOMATO"": 17, ""GOOSE"": 4, ""CARROT"": 5, ""SHEEP"": 6, ""STRAWBERRY"": 9, ""COOP"": 1}","[""PIZZA_SHOP"", ""PIZZA_SHOP"", ""YARN_STORE"", ""BRUNCH_SPOT"", ""PIZZA_SHOP"", ""PET_CAFE"", ""ICE_CREAM_SHOP"", ""BRUNCH_SPOT""]","{""CARROT"": 38, ""EGG"": 42, ""FERTILIZER"": 1, ""MELON"": 108, ""MILK"": 42, ""STRAWBERRY"": 55, ""TOMATO"": 114, ""WHEAT"": 32, ""WOOL"": 31}"
115653683,624,26,0,yuto083,74007.0,"{""CARROT"": 9, ""WHEAT"": 27, ""COW"": 10, ""GOOSE"": 4, ""TOMATO"": 8, ""PASTURE"": 3, ""SHEEP"": 4, ""STRAWBERRY"": 10}","[""PIZZA_SHOP"", ""PIZZA_SHOP"", ""YARN_STORE"", ""BRUNCH_SPOT"", ""PIZZA_SHOP"", ""PET_CAFE"", ""ICE_CREAM_SHOP"", ""BRUNCH_SPOT""]","{""CARROT"": 37, ""EGG"": 42, ""FERTILIZER"": 1, ""MELON"": 111, ""MILK"": 40, ""STRAWBERRY"": 39, ""TOMATO"": 107, ""WHEAT"": 33, ""WOOL"": 61}"
115653683,624,26,1,Happy Farm,76762.0,"{""WHEAT"": 26, ""COW"": 11, ""TOMATO"": 10, ""CARROT"": 7, ""GOOSE"": 4, ""SHEEP"": 6, ""STRAWBERRY"": 9, ""COOP"": 1}","[""PIZZA_SHOP"", ""PIZZA_SHOP"", ""YARN_STORE"", ""BRUNCH_SPOT"", ""PIZZA_SHOP"", ""PET_CAFE"", ""ICE_CREAM_SHOP"", ""BRUNCH_SPOT""]","{""CARROT"": 37, ""EGG"": 42, ""FERTILIZER"": 1, ""MELON"": 111, ""MILK"": 40, ""STRAWBERRY"": 39, ""TOMATO"": 107, ""WHEAT"": 33, ""WOOL"": 61}"
115653683,648,27,0,yuto083,77558.0,"{""CARROT"": 6, ""WHEAT"": 32, ""COW"": 10, ""GOOSE"": 4, ""TOMATO"": 8, ""SHEEP"": 4, ""STRAWBERRY"": 10}","[""PIZZA_SHOP"", ""PIZZA_SHOP"", ""YARN_STORE"", ""BRUNCH_SPOT"", ""PIZZA_SHOP"", ""PET_CAFE"", ""ICE_CREAM_SHOP"", ""BRUNCH_SPOT""]","{""CARROT"": 36, ""EGG"": 42, ""FERTILIZER"": 1, ""MELON"": 113, ""MILK"": 30, ""STRAWBERRY"": 49, ""TOMATO"": 97, ""WHEAT"": 33, ""WOOL"": 66}"
115653683,648,27,1,Happy Farm,82147.0,"{""CARROT"": 9, ""WHEAT"": 25, ""COW"": 11, ""TOMATO"": 10, ""GOOSE"": 4, ""SHEEP"": 6, ""STRAWBERRY"": 9, ""COOP"": 1}","[""PIZZA_SHOP"", ""PIZZA_SHOP"", ""YARN_STORE"", ""BRUNCH_SPOT"", ""PIZZA_SHOP"", ""PET_CAFE"", ""ICE_CREAM_SHOP"", ""BRUNCH_SPOT""]","{""CARROT"": 36, ""EGG"": 42, ""FERTILIZER"": 1, ""MELON"": 113, ""MILK"": 30, ""STRAWBERRY"": 49, ""TOMATO"": 97, ""WHEAT"": 33, ""WOOL"": 66}"
115653683,672,28,0,yuto083,81340.0,"{""CARROT"": 7, ""WHEAT"": 30, ""COW"": 9, ""GOOSE"": 4, ""TOMATO"": 8, ""PASTURE"": 2, ""SHEEP"": 3, ""STRAWBERRY"": 10}","[""PIZZA_SHOP"", ""PIZZA_SHOP"", ""YARN_STORE"", ""BRUNCH_SPOT"", ""PIZZA_SHOP"", ""PET_CAFE"", ""ICE_CREAM_SHOP"", ""BRUNCH_SPOT""]","{""CARROT"": 36, ""EGG"": 42, ""FERTILIZER"": 1, ""MELON"": 115, ""MILK"": 63, ""STRAWBERRY"": 43, ""TOMATO"": 91, ""WHEAT"": 32, ""WOOL"": 18}"
115653683,672,28,1,Happy Farm,86512.0,"{""CARROT"": 9, ""WHEAT"": 26, ""COW"": 9, ""TOMATO"": 7, ""PASTURE"": 2, ""GOOSE"": 4, ""SHEEP"": 6, ""STRAWBERRY"": 9}","[""PIZZA_SHOP"", ""PIZZA_SHOP"", ""YARN_STORE"", ""BRUNCH_SPOT"", ""PIZZA_SHOP"", ""PET_CAFE"", ""ICE_CREAM_SHOP"", ""BRUNCH_SPOT""]","{""CARROT"": 36, ""EGG"": 42, ""FERTILIZER"": 1, ""MELON"": 115, ""MILK"": 63, ""STRAWBERRY"": 43, ""TOMATO"": 91, ""WHEAT"": 32, ""WOOL"": 18}"
115653683,696,29,0,yuto083,86514.0,"{""WHEAT"": 25, ""COW"": 9, ""GOOSE"": 4, ""TOMATO"": 8, ""PASTURE"": 4, ""CARROT"": 2, ""STRAWBERRY"": 9}","[""PIZZA_SHOP"", ""PIZZA_SHOP"", ""YARN_STORE"", ""BRUNCH_SPOT"", ""PIZZA_SHOP"", ""PET_CAFE"", ""ICE_CREAM_SHOP"", ""BRUNCH_SPOT""]","{""CARROT"": 36, ""EGG"": 42, ""FERTILIZER"": 1, ""MELON"": 118, ""MILK"": 59, ""STRAWBERRY"": 37, ""TOMATO"": 85, ""WHEAT"": 23, ""WOOL"": 49}"
115653683,696,29,1,Happy Farm,91607.0,"{""WHEAT"": 16, ""COW"": 9, ""TOMATO"": 3, ""PASTURE"": 7, ""WEED"": 2, ""GOOSE"": 4, ""SHEEP"": 1, ""CARROT"": 2, ""STRAWBERRY"": 9}","[""PIZZA_SHOP"", ""PIZZA_SHOP"", ""YARN_STORE"", ""BRUNCH_SPOT"", ""PIZZA_SHOP"", ""PET_CAFE"", ""ICE_CREAM_SHOP"", ""BRUNCH_SPOT""]","{""CARROT"": 36, ""EGG"": 42, ""FERTILIZER"": 1, ""MELON"": 118, ""MILK"": 59, ""STRAWBERRY"": 37, ""TOMATO"": 85, ""WHEAT"": 23, ""WOOL"": 49}"
115653683,719,29,0,yuto083,93533.0,"{""COW"": 9, ""GOOSE"": 4, ""TOMATO"": 8, ""PASTURE"": 4, ""WHEAT"": 2, ""STRAWBERRY"": 5, ""WEED"": 4}","[""PIZZA_SHOP"", ""PIZZA_SHOP"", ""YARN_STORE"", ""BRUNCH_SPOT"", ""PIZZA_SHOP"", ""PET_CAFE"", ""ICE_CREAM_SHOP"", ""BRUNCH_SPOT""]","{""CARROT"": 30, ""EGG"": 42, ""FERTILIZER"": 1, ""MELON"": 120, ""MILK"": 55, ""STRAWBERRY"": 5, ""TOMATO"": 84, ""WHEAT"": 21, ""WOOL"": 1}"
115653683,719,29,1,Happy Farm,97246.0,"{""COW"": 9, ""WEED"": 9, ""PASTURE"": 7, ""WHEAT"": 1, ""GOOSE"": 4, ""TOMATO"": 2, ""SHEEP"": 1, ""STRAWBERRY"": 3}","[""PIZZA_SHOP"", ""PIZZA_SHOP"", ""YARN_STORE"", ""BRUNCH_SPOT"", ""PIZZA_SHOP"", ""PET_CAFE"", ""ICE_CREAM_SHOP"", ""BRUNCH_SPOT""]","{""CARROT"": 30, ""EGG"": 42, ""FERTILIZER"": 1, ""MELON"": 120, ""MILK"": 55, ""STRAWBERRY"": 5, ""TOMATO"": 84, ""WHEAT"": 21, ""WOOL"": 1}"
115648413,0,0,0,Happy Farm,3000.0,{},[],"{""CARROT"": 35, ""EGG"": 50, ""FERTILIZER"": 100, ""MELON"": 250, ""MILK"": 160, ""STRAWBERRY"": 120, ""TOMATO"": 60, ""WHEAT"": 25, ""WOOL"": 200}"
115648413,0,0,1,Random Mambo,3000.0,{},[],"{""CARROT"": 35, ""EGG"": 50, ""FERTILIZER"": 100, ""MELON"": 250, ""MILK"": 160, ""STRAWBERRY"": 120, ""TOMATO"": 60, ""WHEAT"": 25, ""WOOL"": 200}"
115648413,24,1,0,Happy Farm,2.0,"{""WHEAT"": 12, ""MELON"": 6, ""COW"": 2, ""SHEEP"": 3}",[],"{""CARROT"": 35, ""EGG"": 50, ""FERTILIZER"": 100, ""MELON"": 256, ""MILK"": 169, ""STRAWBERRY"": 128, ""TOMATO"": 60, ""WHEAT"": 28, ""WOOL"": 206}"
115648413,24,1,1,Random Mambo,6.0,"{""WHEAT"": 12, ""MELON"": 6, ""COW"": 2, ""SHEEP"": 3}",[],"{""CARROT"": 35, ""EGG"": 50, ""FERTILIZER"": 100, ""MELON"": 256, ""MILK"": 169, ""STRAWBERRY"": 128, ""TOMATO"": 60, ""WHEAT"": 28, ""WOOL"": 206}"
115648413,48,2,0,Happy Farm,101.0,"{""WHEAT"": 12, ""MELON"": 8, ""COW"": 2, ""SHEEP"": 3}",[],"{""CARROT"": 35, ""EGG"": 50, ""FERTILIZER"": 98, ""MELON"": 260, ""MILK"": 172, ""STRAWBERRY"": 132, ""TOMATO"": 60, ""WHEAT"": 30, ""WOOL"": 209}"
115648413,48,2,1,Random Mambo,138.0,"{""WHEAT"": 12, ""MELON"": 8, ""COW"": 2, ""SHEEP"": 3}",[],"{""CARROT"": 35, ""EGG"": 50, ""FERTILIZER"": 98, ""MELON"": 260, ""MILK"": 172, ""STRAWBERRY"": 132, ""TOMATO"": 60, ""WHEAT"": 30, ""WOOL"": 209}"
115648413,72,3,0,Happy Farm,54.0,"{""WHEAT"": 9, ""STRAWBERRY"": 2, ""COW"": 3, ""MELON"": 8, ""SHEEP"": 3}","[""FARMERS_MARKET""]","{""CARROT"": 35, ""EGG"": 50, ""FERTILIZER"": 96, ""MELON"": 262, ""MILK"": 175, ""STRAWBERRY"": 135, ""TOMATO"": 60, ""WHEAT"": 29, ""WOOL"": 212}"
115648413,72,3,1,Random Mambo,52.0,"{""WHEAT"": 9, ""STRAWBERRY"": 2, ""COW"": 3, ""MELON"": 8, ""SHEEP"": 3}","[""FARMERS_MARKET""]","{""CARROT"": 35, ""EGG"": 50, ""FERTILIZER"": 96, ""MELON"": 262, ""MILK"": 175, ""STRAWBERRY"": 135, ""TOMATO"": 60, ""WHEAT"": 29, ""WOOL"": 212}"
115648413,96,4,0,Happy Farm,12.0,"{""WHEAT"": 4, ""STRAWBERRY"": 6, ""COW"": 4, ""MELON"": 8, ""SHEEP"": 3}","[""FARMERS_MARKET""]","{""CARROT"": 36, ""EGG"": 50, ""FERTILIZER"": 94, ""MELON"": 264, ""MILK"": 177, ""STRAWBERRY"": 147, ""TOMATO"": 61, ""WHEAT"": 28, ""WOOL"": 214}"
115648413,96,4,1,Random Mambo,10.0,"{""WHEAT"": 4, ""STRAWBERRY"": 6, ""COW"": 4, ""MELON"": 8, ""SHEEP"": 3}","[""FARMERS_MARKET""]","{""CARROT"": 36, ""EGG"": 50, ""FERTILIZER"": 94, ""MELON"": 264, ""MILK"": 177, ""STRAWBERRY"": 147, ""TOMATO"": 61, ""WHEAT"": 28, ""WOOL"": 214}"
115648413,120,5,0,Happy Farm,70.0,"{""STRAWBERRY"": 9, ""COW"": 5, ""MELON"": 8, ""SHEEP"": 3}","[""FARMERS_MARKET""]","{""CARROT"": 36, ""EGG"": 50, ""FERTILIZER"": 91, ""MELON"": 266, ""MILK"": 179, ""STRAWBERRY"": 155, ""TOMATO"": 62, ""WHEAT"": 28, ""WOOL"": 215}"
115648413,120,5,1,Random Mambo,72.0,"{""STRAWBERRY"": 9, ""COW"": 5, ""MELON"": 8, ""SHEEP"": 3}","[""FARMERS_MARKET""]","{""CARROT"": 36, ""EGG"": 50, ""FERTILIZER"": 91, ""MELON"": 266, ""MILK"": 179, ""STRAWBERRY"": 155, ""TOMATO"": 62, ""WHEAT"": 28, ""WOOL"": 215}"
115648413,144,6,0,Happy Farm,568.0,"{""STRAWBERRY"": 9, ""COW"": 5, ""MELON"": 8, ""SHEEP"": 3}","[""FARMERS_MARKET"", ""PIZZA_SHOP""]","{""CARROT"": 37, ""EGG"": 50, ""FERTILIZER"": 88, ""MELON"": 267, ""MILK"": 181, ""STRAWBERRY"": 161, ""TOMATO"": 63, ""WHEAT"": 29, ""WOOL"": 217}"
115648413,144,6,1,Random Mambo,570.0,"{""STRAWBERRY"": 9, ""COW"": 5, ""MELON"": 8, ""SHEEP"": 3}","[""FARMERS_MARKET"", ""PIZZA_SHOP""]","{""CARROT"": 37, ""EGG"": 50, ""FERTILIZER"": 88, ""MELON"": 267, ""MILK"": 181, ""STRAWBERRY"": 161, ""TOMATO"": 63, ""WHEAT"": 29, ""WOOL"": 217}"
115648413,168,7,0,Happy Farm,503.0,"{""STRAWBERRY"": 23, ""COW"": 7, ""WHEAT"": 3, ""MELON"": 12, ""GOOSE"": 2, ""SHEEP"": 3}","[""FARMERS_MARKET"", ""PIZZA_SHOP""]","{""CARROT"": 37, ""EGG"": 50, ""FERTILIZER"": 85, ""MELON"": 268, ""MILK"": 191, ""STRAWBERRY"": 167, ""TOMATO"": 64, ""WHEAT"": 31, ""WOOL"": 151}"
115648413,168,7,1,Random Mambo,80.0,"{""STRAWBERRY"": 20, ""COW"": 7, ""WHEAT"": 4, ""MELON"": 12, ""GOOSE"": 4, ""SHEEP"": 3}","[""FARMERS_MARKET"", ""PIZZA_SHOP""]","{""CARROT"": 37, ""EGG"": 50, ""FERTILIZER"": 85, ""MELON"": 268, ""MILK"": 191, ""STRAWBERRY"": 167, ""TOMATO"": 64, ""WHEAT"": 31, ""WOOL"": 151}"
115648413,192,8,0,Happy Farm,670.0,"{""STRAWBERRY"": 23, ""COW"": 7, ""WHEAT"": 3, ""MELON"": 12, ""GOOSE"": 2, ""SHEEP"": 3}","[""FARMERS_MARKET"", ""PIZZA_SHOP""]","{""CARROT"": 38, ""EGG"": 50, ""FERTILIZER"": 80, ""MELON"": 269, ""MILK"": 199, ""STRAWBERRY"": 172, ""TOMATO"": 66, ""WHEAT"": 35, ""WOOL"": 154}"
115648413,192,8,1,Random Mambo,410.0,"{""STRAWBERRY"": 20, ""COW"": 7, ""WHEAT"": 4, ""MELON"": 12, ""GOOSE"": 4, ""SHEEP"": 3}","[""FARMERS_MARKET"", ""PIZZA_SHOP""]","{""CARROT"": 38, ""EGG"": 50, ""FERTILIZER"": 80, ""MELON"": 269, ""MILK"": 199, ""STRAWBERRY"": 172, ""TOMATO"": 66, ""WHEAT"": 35, ""WOOL"": 154}"
115648413,216,9,0,Happy Farm,214.0,"{""STRAWBERRY"": 23, ""COW"": 7, ""WHEAT"": 18, ""MELON"": 12, ""GOOSE"": 5, ""SHEEP"": 3}","[""FARMERS_MARKET"", ""PIZZA_SHOP"", ""YARN_STORE""]","{""CARROT"": 38, ""EGG"": 51, ""FERTILIZER"": 75, ""MELON"": 270, ""MILK"": 175, ""STRAWBERRY"": 176, ""TOMATO"": 68, ""WHEAT"": 36, ""WOOL"": 158}"
115648413,216,9,1,Random Mambo,282.0,"{""STRAWBERRY"": 20, ""COW"": 7, ""WHEAT"": 19, ""MELON"": 12, ""GOOSE"": 7, ""SHEEP"": 3}","[""FARMERS_MARKET"", ""PIZZA_SHOP"", ""YARN_STORE""]","{""CARROT"": 38, ""EGG"": 51, ""FERTILIZER"": 75, ""MELON"": 270, ""MILK"": 175, ""STRAWBERRY"": 176, ""TOMATO"": 68, ""WHEAT"": 36, ""WOOL"": 158}"
115648413,240,10,0,Happy Farm,195.0,"{""STRAWBERRY"": 23, ""COW"": 7, ""WHEAT"": 22, ""MELON"": 12, ""GOOSE"": 5, ""SHEEP"": 6}","[""FARMERS_MARKET"", ""PIZZA_SHOP"", ""YARN_STORE""]","{""CARROT"": 39, ""EGG"": 51, ""FERTILIZER"": 70, ""MELON"": 271, ""MILK"": 187, ""STRAWBERRY"": 181, ""TOMATO"": 69, ""WHEAT"": 38, ""WOOL"": 133}"
115648413,240,10,1,Random Mambo,63.0,"{""STRAWBERRY"": 20, ""COW"": 7, ""WHEAT"": 24, ""MELON"": 12, ""GOOSE"": 6, ""COOP"": 1, ""SHEEP"": 5}","[""FARMERS_MARKET"", ""PIZZA_SHOP"", ""YARN_STORE""]","{""CARROT"": 39, ""EGG"": 51, ""FERTILIZER"": 70, ""MELON"": 271, ""MILK"": 187, ""STRAWBERRY"": 181, ""TOMATO"": 69, ""WHEAT"": 38, ""WOOL"": 133}"
115648413,264,11,0,Happy Farm,7449.0,"{""STRAWBERRY"": 23, ""COW"": 7, ""WHEAT"": 26, ""SHEEP"": 8, ""GOOSE"": 5, ""MELON"": 6}","[""FARMERS_MARKET"", ""PIZZA_SHOP"", ""YARN_STORE""]","{""CARROT"": 40, ""EGG"": 51, ""FERTILIZER"": 68, ""MELON"": 213, ""MILK"": 193, ""STRAWBERRY"": 185, ""TOMATO"": 71, ""WHEAT"": 40, ""WOOL"": 164}"
115648413,264,11,1,Random Mambo,9230.0,"{""STRAWBERRY"": 20, ""COW"": 7, ""WHEAT"": 31, ""GOOSE"": 6, ""MELON"": 6, ""SHEEP"": 5}","[""FARMERS_MARKET"", ""PIZZA_SHOP"", ""YARN_STORE""]","{""CARROT"": 40, ""EGG"": 51, ""FERTILIZER"": 68, ""MELON"": 213, ""MILK"": 193, ""STRAWBERRY"": 185, ""TOMATO"": 71, ""WHEAT"": 40, ""WOOL"": 164}"
115648413,288,12,0,Happy Farm,12956.0,"{""STRAWBERRY"": 23, ""COW"": 7, ""WHEAT"": 28, ""SHEEP"": 8, ""GOOSE"": 5, ""MELON"": 4}","[""FARMERS_MARKET"", ""PIZZA_SHOP"", ""YARN_STORE"", ""PET_CAFE""]","{""CARROT"": 40, ""EGG"": 50, ""FERTILIZER"": 64, ""MELON"": 198, ""MILK"": 147, ""STRAWBERRY"": 188, ""TOMATO"": 72, ""WHEAT"": 41, ""WOOL"": 192}"
115648413,288,12,1,Random Mambo,10952.0,"{""STRAWBERRY"": 20, ""COW"": 7, ""WHEAT"": 31, ""GOOSE"": 6, ""SHEEP"": 7, ""MELON"": 4}","[""FARMERS_MARKET"", ""PIZZA_SHOP"", ""YARN_STORE"", ""PET_CAFE""]","{""CARROT"": 40, ""EGG"": 50, ""FERTILIZER"": 64, ""MELON"": 198, ""MILK"": 147, ""STRAWBERRY"": 188, ""TOMATO"": 72, ""WHEAT"": 41, ""WOOL"": 192}"
115648413,312,13,0,Happy Farm,15755.0,"{""STRAWBERRY"": 24, ""COW"": 7, ""WHEAT"": 26, ""SHEEP"": 8, ""GOOSE"": 5, ""MELON"": 4}","[""FARMERS_MARKET"", ""PIZZA_SHOP"", ""YARN_STORE"", ""PET_CAFE""]","{""CARROT"": 42, ""EGG"": 45, ""FERTILIZER"": 59, ""MELON"": 181, ""MILK"": 99, ""STRAWBERRY"": 192, ""TOMATO"": 74, ""WHEAT"": 40, ""WOOL"": 206}"
115648413,312,13,1,Random Mambo,17067.0,"{""STRAWBERRY"": 20, ""COW"": 7, ""WHEAT"": 31, ""GOOSE"": 6, ""SHEEP"": 7, ""MELON"": 4}","[""FARMERS_MARKET"", ""PIZZA_SHOP"", ""YARN_STORE"", ""PET_CAFE""]","{""CARROT"": 42, ""EGG"": 45, ""FERTILIZER"": 59, ""MELON"": 181, ""MILK"": 99, ""STRAWBERRY"": 192, ""TOMATO"": 74, ""WHEAT"": 40, ""WOOL"": 206}"
115648413,336,14,0,Happy Farm,18199.0,"{""STRAWBERRY"": 26, ""COW"": 7, ""WHEAT"": 25, ""SHEEP"": 8, ""GOOSE"": 5, ""MELON"": 4}","[""FARMERS_MARKET"", ""PIZZA_SHOP"", ""YARN_STORE"", ""PET_CAFE""]","{""CARROT"": 43, ""EGG"": 44, ""FERTILIZER"": 55, ""MELON"": 183, ""MILK"": 95, ""STRAWBERRY"": 192, ""TOMATO"": 75, ""WHEAT"": 38, ""WOOL"": 223}"
115648413,336,14,1,Random Mambo,20084.0,"{""STRAWBERRY"": 23, ""COW"": 7, ""WHEAT"": 27, ""GOOSE"": 6, ""MELON"": 5, ""SHEEP"": 7}","[""FARMERS_MARKET"", ""PIZZA_SHOP"", ""YARN_STORE"", ""PET_CAFE""]","{""CARROT"": 43, ""EGG"": 44, ""FERTILIZER"": 55, ""MELON"": 183, ""MILK"": 95, ""STRAWBERRY"": 192, ""TOMATO"": 75, ""WHEAT"": 38, ""WOOL"": 223}"
115648413,360,15,0,Happy Farm,25279.0,"{""STRAWBERRY"": 26, ""COW"": 7, ""WHEAT"": 25, ""SHEEP"": 8, ""GOOSE"": 5, ""MELON"": 4}","[""FARMERS_MARKET"", ""PIZZA_SHOP"", ""YARN_STORE"", ""PET_CAFE"", ""YARN_STORE""]","{""CARROT"": 45, ""EGG"": 43, ""FERTILIZER"": 52, ""MELON"": 184, ""MILK"": 40, ""STRAWBERRY"": 187, ""TOMATO"": 77, ""WHEAT"": 36, ""WOOL"": 223}"
115648413,360,15,1,Random Mambo,25293.0,"{""STRAWBERRY"": 23, ""COW"": 7, ""WHEAT"": 27, ""GOOSE"": 6, ""MELON"": 5, ""SHEEP"": 7}","[""FARMERS_MARKET"", ""PIZZA_SHOP"", ""YARN_STORE"", ""PET_CAFE"", ""YARN_STORE""]","{""CARROT"": 45, ""EGG"": 43, ""FERTILIZER"": 52, ""MELON"": 184, ""MILK"": 40, ""STRAWBERRY"": 187, ""TOMATO"": 77, ""WHEAT"": 36, ""WOOL"": 223}"
115648413,384,16,0,Happy Farm,29139.0,"{""STRAWBERRY"": 26, ""COW"": 7, ""WHEAT"": 20, ""SHEEP"": 11, ""GOOSE"": 5, ""MELON"": 4, ""WEED"": 2}","[""FARMERS_MARKET"", ""PIZZA_SHOP"", ""YARN_STORE"", ""PET_CAFE"", ""YARN_STORE""]","{""CARROT"": 46, ""EGG"": 43, ""FERTILIZER"": 50, ""MELON"": 186, ""MILK"": 30, ""STRAWBERRY"": 178, ""TOMATO"": 78, ""WHEAT"": 34, ""WOOL"": 222}"
115648413,384,16,1,Random Mambo,28315.0,"{""STRAWBERRY"": 23, ""COW"": 6, ""WHEAT"": 19, ""PASTURE"": 1, ""GOOSE"": 6, ""SHEEP"": 15, ""MELON"": 5}","[""FARMERS_MARKET"", ""PIZZA_SHOP"", ""YARN_STORE"", ""PET_CAFE"", ""YARN_STORE""]","{""CARROT"": 46, ""EGG"": 43, ""FERTILIZER"": 50, ""MELON"": 186, ""MILK"": 30, ""STRAWBERRY"": 178, ""TOMATO"": 78, ""WHEAT"": 34, ""WOOL"": 222}"
115648413,408,17,0,Happy Farm,36806.0,"{""STRAWBERRY"": 26, ""COW"": 7, ""WHEAT"": 17, ""SHEEP"": 12, ""GOOSE"": 5, ""TOMATO"": 7, ""WEED"": 1}","[""FARMERS_MARKET"", ""PIZZA_SHOP"", ""YARN_STORE"", ""PET_CAFE"", ""YARN_STORE""]","{""CARROT"": 48, ""EGG"": 42, ""FERTILIZER"": 46, ""MELON"": 89, ""MILK"": 26, ""STRAWBERRY"": 158, ""TOMATO"": 80, ""WHEAT"": 33, ""WOOL"": 230}"
115648413,408,17,1,Random Mambo,35605.0,"{""STRAWBERRY"": 21, ""WHEAT"": 23, ""COW"": 6, ""PASTURE"": 1, ""GOOSE"": 6, ""SHEEP"": 15, ""MELON"": 1, ""CARROT"": 2}","[""FARMERS_MARKET"", ""PIZZA_SHOP"", ""YARN_STORE"", ""PET_CAFE"", ""YARN_STORE""]","{""CARROT"": 48, ""EGG"": 42, ""FERTILIZER"": 46, ""MELON"": 89, ""MILK"": 26, ""STRAWBERRY"": 158, ""TOMATO"": 80, ""WHEAT"": 33, ""WOOL"": 230}"
115648413,432,18,0,Happy Farm,43467.0,"{""STRAWBERRY"": 26, ""COW"": 5, ""WHEAT"": 15, ""PASTURE"": 2, ""SHEEP"": 12, ""GOOSE"": 5, ""TOMATO"": 10}","[""FARMERS_MARKET"", ""PIZZA_SHOP"", ""YARN_STORE"", ""PET_CAFE"", ""YARN_STORE"", ""YARN_STORE""]","{""CARROT"": 49, ""EGG"": 42, ""FERTILIZER"": 41, ""MELON"": 91, ""MILK"": 24, ""STRAWBERRY"": 80, ""TOMATO"": 82, ""WHEAT"": 33, ""WOOL"": 232}"
115648413,432,18,1,Random Mambo,40156.0,"{""TOMATO"": 10, ""STRAWBERRY"": 16, ""WHEAT"": 18, ""COW"": 6, ""GOOSE"": 6, ""SHEEP"": 15, ""MELON"": 1, ""CARROT"": 3}","[""FARMERS_MARKET"", ""PIZZA_SHOP"", ""YARN_STORE"", ""PET_CAFE"", ""YARN_STORE"", ""YARN_STORE""]","{""CARROT"": 49, ""EGG"": 42, ""FERTILIZER"": 41, ""MELON"": 91, ""MILK"": 24, ""STRAWBERRY"": 80, ""TOMATO"": 82, ""WHEAT"": 33, ""WOOL"": 232}"
115648413,456,19,0,Happy Farm,44598.0,"{""STRAWBERRY"": 24, ""WHEAT"": 16, ""COW"": 5, ""SHEEP"": 14, ""GOOSE"": 5, ""TOMATO"": 10}","[""FARMERS_MARKET"", ""PIZZA_SHOP"", ""YARN_STORE"", ""PET_CAFE"", ""YARN_STORE"", ""YARN_STORE""]","{""CARROT"": 50, ""EGG"": 42, ""FERTILIZER"": 32, ""MELON"": 94, ""MILK"": 26, ""STRAWBERRY"": 18, ""TOMATO"": 83, ""WHEAT"": 32, ""WOOL"": 235}"
115648413,456,19,1,Random Mambo,42995.0,"{""TOMATO"": 14, ""WHEAT"": 18, ""SHEEP"": 21, ""PASTURE"": 1, ""STRAWBERRY"": 4, ""GOOSE"": 6, ""COW"": 5, ""MELON"": 1, ""CARROT"": 5}","[""FARMERS_MARKET"", ""PIZZA_SHOP"", ""YARN_STORE"", ""PET_CAFE"", ""YARN_STORE"", ""YARN_STORE""]","{""CARROT"": 50, ""EGG"": 42, ""FERTILIZER"": 32, ""MELON"": 94, ""MILK"": 26, ""STRAWBERRY"": 18, ""TOMATO"": 83, ""WHEAT"": 32, ""WOOL"": 235}"
115648413,480,20,0,Happy Farm,46970.0,"{""STRAWBERRY"": 20, ""WHEAT"": 19, ""COW"": 5, ""SHEEP"": 16, ""GOOSE"": 5, ""TOMATO"": 10}","[""FARMERS_MARKET"", ""PIZZA_SHOP"", ""YARN_STORE"", ""PET_CAFE"", ""YARN_STORE"", ""YARN_STORE""]","{""CARROT"": 52, ""EGG"": 42, ""FERTILIZER"": 27, ""MELON"": 96, ""MILK"": 28, ""STRAWBERRY"": 3, ""TOMATO"": 85, ""WHEAT"": 33, ""WOOL"": 238}"
115648413,480,20,1,Random Mambo,43571.0,"{""TOMATO"": 14, ""WHEAT"": 22, ""SHEEP"": 21, ""GOOSE"": 6, ""COW"": 4, ""PASTURE"": 1, ""MELON"": 1, ""CARROT"": 3, ""STRAWBERRY"": 3}","[""FARMERS_MARKET"", ""PIZZA_SHOP"", ""YARN_STORE"", ""PET_CAFE"", ""YARN_STORE"", ""YARN_STORE""]","{""CARROT"": 52, ""EGG"": 42, ""FERTILIZER"": 27, ""MELON"": 96, ""MILK"": 28, ""STRAWBERRY"": 3, ""TOMATO"": 85, ""WHEAT"": 33, ""WOOL"": 238}"
115648413,504,21,0,Happy Farm,50925.0,"{""WHEAT"": 23, ""COW"": 5, ""STRAWBERRY"": 16, ""SHEEP"": 16, ""GOOSE"": 5, ""TOMATO"": 10}","[""FARMERS_MARKET"", ""PIZZA_SHOP"", ""YARN_STORE"", ""PET_CAFE"", ""YARN_STORE"", ""YARN_STORE"", ""PIZZA_SHOP""]","{""CARROT"": 53, ""EGG"": 41, ""FERTILIZER"": 18, ""MELON"": 99, ""MILK"": 42, ""STRAWBERRY"": 5, ""TOMATO"": 88, ""WHEAT"": 34, ""WOOL"": 238}"
115648413,504,21,1,Random Mambo,49483.0,"{""TOMATO"": 14, ""WHEAT"": 25, ""SHEEP"": 21, ""GOOSE"": 6, ""COW"": 4, ""MELON"": 1, ""CARROT"": 1, ""STRAWBERRY"": 3}","[""FARMERS_MARKET"", ""PIZZA_SHOP"", ""YARN_STORE"", ""PET_CAFE"", ""YARN_STORE"", ""YARN_STORE"", ""PIZZA_SHOP""]","{""CARROT"": 53, ""EGG"": 41, ""FERTILIZER"": 18, ""MELON"": 99, ""MILK"": 42, ""STRAWBERRY"": 5, ""TOMATO"": 88, ""WHEAT"": 34, ""WOOL"": 238}"
115648413,528,22,0,Happy Farm,57535.0,"{""WHEAT"": 23, ""COW"": 5, ""STRAWBERRY"": 16, ""SHEEP"": 16, ""GOOSE"": 5, ""TOMATO"": 10}","[""FARMERS_MARKET"", ""PIZZA_SHOP"", ""YARN_STORE"", ""PET_CAFE"", ""YARN_STORE"", ""YARN_STORE"", ""PIZZA_SHOP""]","{""CARROT"": 54, ""EGG"": 41, ""FERTILIZER"": 13, ""MELON"": 101, ""MILK"": 49, ""STRAWBERRY"": 1, ""TOMATO"": 95, ""WHEAT"": 34, ""WOOL"": 238}"
115648413,528,22,1,Random Mambo,54832.0,"{""TOMATO"": 14, ""WHEAT"": 24, ""SHEEP"": 21, ""GOOSE"": 6, ""COW"": 4, ""MELON"": 1, ""CARROT"": 2, ""STRAWBERRY"": 3}","[""FARMERS_MARKET"", ""PIZZA_SHOP"", ""YARN_STORE"", ""PET_CAFE"", ""YARN_STORE"", ""YARN_STORE"", ""PIZZA_SHOP""]","{""CARROT"": 54, ""EGG"": 41, ""FERTILIZER"": 13, ""MELON"": 101, ""MILK"": 49, ""STRAWBERRY"": 1, ""TOMATO"": 95, ""WHEAT"": 34, ""WOOL"": 238}"
115648413,552,23,0,Happy Farm,62293.0,"{""WHEAT"": 30, ""PASTURE"": 1, ""CARROT"": 4, ""SHEEP"": 16, ""COW"": 4, ""GOOSE"": 5, ""TOMATO"": 10, ""STRAWBERRY"": 3, ""WEED"": 1}","[""FARMERS_MARKET"", ""PIZZA_SHOP"", ""YARN_STORE"", ""PET_CAFE"", ""YARN_STORE"", ""YARN_STORE"", ""PIZZA_SHOP""]","{""CARROT"": 55, ""EGG"": 41, ""FERTILIZER"": 5, ""MELON"": 104, ""MILK"": 68, ""STRAWBERRY"": 1, ""TOMATO"": 106, ""WHEAT"": 35, ""WOOL"": 238}"
115648413,552,23,1,Random Mambo,59020.0,"{""TOMATO"": 14, ""WHEAT"": 24, ""SHEEP"": 21, ""GOOSE"": 6, ""COW"": 4, ""MELON"": 1, ""CARROT"": 2, ""STRAWBERRY"": 3}","[""FARMERS_MARKET"", ""PIZZA_SHOP"", ""YARN_STORE"", ""PET_CAFE"", ""YARN_STORE"", ""YARN_STORE"", ""PIZZA_SHOP""]","{""CARROT"": 55, ""EGG"": 41, ""FERTILIZER"": 5, ""MELON"": 104, ""MILK"": 68, ""STRAWBERRY"": 1, ""TOMATO"": 106, ""WHEAT"": 35, ""WOOL"": 238}"
115648413,576,24,0,Happy Farm,67357.0,"{""WHEAT"": 27, ""CARROT"": 8, ""SHEEP"": 16, ""COW"": 4, ""GOOSE"": 5, ""TOMATO"": 10, ""STRAWBERRY"": 3}","[""FARMERS_MARKET"", ""PIZZA_SHOP"", ""YARN_STORE"", ""PET_CAFE"", ""YARN_STORE"", ""YARN_STORE"", ""PIZZA_SHOP"", ""FARMERS_MARKET""]","{""CARROT"": 56, ""EGG"": 41, ""FERTILIZER"": 2, ""MELON"": 91, ""MILK"": 78, ""STRAWBERRY"": 1, ""TOMATO"": 121, ""WHEAT"": 34, ""WOOL"": 238}"
115648413,576,24,1,Random Mambo,64791.0,"{""TOMATO"": 14, ""WHEAT"": 21, ""SHEEP"": 21, ""CARROT"": 7, ""GOOSE"": 5, ""COW"": 4, ""COOP"": 1, ""STRAWBERRY"": 2}","[""FARMERS_MARKET"", ""PIZZA_SHOP"", ""YARN_STORE"", ""PET_CAFE"", ""YARN_STORE"", ""YARN_STORE"", ""PIZZA_SHOP"", ""FARMERS_MARKET""]","{""CARROT"": 56, ""EGG"": 41, ""FERTILIZER"": 2, ""MELON"": 91, ""MILK"": 78, ""STRAWBERRY"": 1, ""TOMATO"": 121, ""WHEAT"": 34, ""WOOL"": 238}"
115648413,600,25,0,Happy Farm,77262.0,"{""WHEAT"": 28, ""CARROT"": 7, ""SHEEP"": 16, ""COW"": 4, ""GOOSE"": 5, ""TOMATO"": 10, ""STRAWBERRY"": 3}","[""FARMERS_MARKET"", ""PIZZA_SHOP"", ""YARN_STORE"", ""PET_CAFE"", ""YARN_STORE"", ""YARN_STORE"", ""PIZZA_SHOP"", ""FARMERS_MARKET""]","{""CARROT"": 58, ""EGG"": 41, ""FERTILIZER"": 4, ""MELON"": 94, ""MILK"": 80, ""STRAWBERRY"": 1, ""TOMATO"": 145, ""WHEAT"": 34, ""WOOL"": 218}"
115648413,600,25,1,Random Mambo,83734.0,"{""TOMATO"": 14, ""CARROT"": 17, ""SHEEP"": 21, ""WHEAT"": 11, ""GOOSE"": 3, ""COW"": 4, ""COOP"": 2, ""STRAWBERRY"": 2}","[""FARMERS_MARKET"", ""PIZZA_SHOP"", ""YARN_STORE"", ""PET_CAFE"", ""YARN_STORE"", ""YARN_STORE"", ""PIZZA_SHOP"", ""FARMERS_MARKET""]","{""CARROT"": 58, ""EGG"": 41, ""FERTILIZER"": 4, ""MELON"": 94, ""MILK"": 80, ""STRAWBERRY"": 1, ""TOMATO"": 145, ""WHEAT"": 34, ""WOOL"": 218}"
115648413,624,26,0,Happy Farm,84845.0,"{""CARROT"": 12, ""WHEAT"": 22, ""SHEEP"": 15, ""COW"": 4, ""GOOSE"": 5, ""TOMATO"": 10, ""STRAWBERRY"": 3, ""PASTURE"": 1}","[""FARMERS_MARKET"", ""PIZZA_SHOP"", ""YARN_STORE"", ""PET_CAFE"", ""YARN_STORE"", ""YARN_STORE"", ""PIZZA_SHOP"", ""FARMERS_MARKET""]","{""CARROT"": 59, ""EGG"": 41, ""FERTILIZER"": 5, ""MELON"": 96, ""MILK"": 78, ""STRAWBERRY"": 24, ""TOMATO"": 155, ""WHEAT"": 34, ""WOOL"": 189}"
115648413,624,26,1,Random Mambo,91398.0,"{""TOMATO"": 14, ""CARROT"": 27, ""SHEEP"": 21, ""GOOSE"": 3, ""COW"": 4, ""WHEAT"": 4, ""STRAWBERRY"": 2}","[""FARMERS_MARKET"", ""PIZZA_SHOP"", ""YARN_STORE"", ""PET_CAFE"", ""YARN_STORE"", ""YARN_STORE"", ""PIZZA_SHOP"", ""FARMERS_MARKET""]","{""CARROT"": 59, ""EGG"": 41, ""FERTILIZER"": 5, ""MELON"": 96, ""MILK"": 78, ""STRAWBERRY"": 24, ""TOMATO"": 155, ""WHEAT"": 34, ""WOOL"": 189}"
115648413,648,27,0,Happy Farm,92602.0,"{""CARROT"": 14, ""WHEAT"": 21, ""SHEEP"": 15, ""COW"": 4, ""GOOSE"": 5, ""TOMATO"": 10, ""STRAWBERRY"": 3, ""PASTURE"": 1}","[""FARMERS_MARKET"", ""PIZZA_SHOP"", ""YARN_STORE"", ""PET_CAFE"", ""YARN_STORE"", ""YARN_STORE"", ""PIZZA_SHOP"", ""FARMERS_MARKET""]","{""CARROT"": 60, ""EGG"": 41, ""FERTILIZER"": 4, ""MELON"": 99, ""MILK"": 82, ""STRAWBERRY"": 34, ""TOMATO"": 143, ""WHEAT"": 32, ""WOOL"": 200}"
115648413,648,27,1,Random Mambo,97475.0,"{""TOMATO"": 14, ""CARROT"": 29, ""SHEEP"": 21, ""WHEAT"": 2, ""GOOSE"": 3, ""COW"": 4, ""STRAWBERRY"": 2}","[""FARMERS_MARKET"", ""PIZZA_SHOP"", ""YARN_STORE"", ""PET_CAFE"", ""YARN_STORE"", ""YARN_STORE"", ""PIZZA_SHOP"", ""FARMERS_MARKET""]","{""CARROT"": 60, ""EGG"": 41, ""FERTILIZER"": 4, ""MELON"": 99, ""MILK"": 82, ""STRAWBERRY"": 34, ""TOMATO"": 143, ""WHEAT"": 32, ""WOOL"": 200}"
115648413,672,28,0,Happy Farm,103955.0,"{""WHEAT"": 15, ""CARROT"": 11, ""SHEEP"": 15, ""COW"": 4, ""GOOSE"": 5, ""STRAWBERRY"": 3, ""TOMATO"": 5, ""PASTURE"": 1}","[""FARMERS_MARKET"", ""PIZZA_SHOP"", ""YARN_STORE"", ""PET_CAFE"", ""YARN_STORE"", ""YARN_STORE"", ""PIZZA_SHOP"", ""FARMERS_MARKET""]","{""CARROT"": 57, ""EGG"": 41, ""FERTILIZER"": 7, ""MELON"": 101, ""MILK"": 59, ""STRAWBERRY"": 32, ""TOMATO"": 118, ""WHEAT"": 32, ""WOOL"": 209}"
115648413,672,28,1,Random Mambo,106443.0,"{""TOMATO"": 14, ""CARROT"": 29, ""SHEEP"": 21, ""WHEAT"": 2, ""GOOSE"": 3, ""COW"": 4, ""STRAWBERRY"": 2}","[""FARMERS_MARKET"", ""PIZZA_SHOP"", ""YARN_STORE"", ""PET_CAFE"", ""YARN_STORE"", ""YARN_STORE"", ""PIZZA_SHOP"", ""FARMERS_MARKET""]","{""CARROT"": 57, ""EGG"": 41, ""FERTILIZER"": 7, ""MELON"": 101, ""MILK"": 59, ""STRAWBERRY"": 32, ""TOMATO"": 118, ""WHEAT"": 32, ""WOOL"": 209}"
115648413,696,29,0,Happy Farm,113868.0,"{""WHEAT"": 6, ""SHEEP"": 8, ""COW"": 4, ""GOOSE"": 5, ""PASTURE"": 8, ""STRAWBERRY"": 3, ""WEED"": 2, ""CARROT"": 1, ""TOMATO"": 3}","[""FARMERS_MARKET"", ""PIZZA_SHOP"", ""YARN_STORE"", ""PET_CAFE"", ""YARN_STORE"", ""YARN_STORE"", ""PIZZA_SHOP"", ""FARMERS_MARKET""]","{""CARROT"": 54, ""EGG"": 40, ""FERTILIZER"": 6, ""MELON"": 104, ""MILK"": 55, ""STRAWBERRY"": 57, ""TOMATO"": 105, ""WHEAT"": 31, ""WOOL"": 174}"
115648413,696,29,1,Random Mambo,120124.0,"{""CARROT"": 20, ""SHEEP"": 8, ""WHEAT"": 2, ""COOP"": 3, ""COW"": 4, ""TOMATO"": 4, ""PASTURE"": 13, ""STRAWBERRY"": 2}","[""FARMERS_MARKET"", ""PIZZA_SHOP"", ""YARN_STORE"", ""PET_CAFE"", ""YARN_STORE"", ""YARN_STORE"", ""PIZZA_SHOP"", ""FARMERS_MARKET""]","{""CARROT"": 54, ""EGG"": 40, ""FERTILIZER"": 6, ""MELON"": 104, ""MILK"": 55, ""STRAWBERRY"": 57, ""TOMATO"": 105, ""WHEAT"": 31, ""WOOL"": 174}"
115648413,719,29,0,Happy Farm,119783.0,"{""SHEEP"": 8, ""COW"": 4, ""GOOSE"": 5, ""PASTURE"": 8, ""STRAWBERRY"": 2, ""WEED"": 6}","[""FARMERS_MARKET"", ""PIZZA_SHOP"", ""YARN_STORE"", ""PET_CAFE"", ""YARN_STORE"", ""YARN_STORE"", ""PIZZA_SHOP"", ""FARMERS_MARKET""]","{""CARROT"": 49, ""EGG"": 40, ""FERTILIZER"": 1, ""MELON"": 106, ""MILK"": 72, ""STRAWBERRY"": 51, ""TOMATO"": 96, ""WHEAT"": 28, ""WOOL"": 161}"
115648413,719,29,1,Random Mambo,134684.0,"{""CARROT"": 3, ""SHEEP"": 8, ""WEED"": 1, ""COOP"": 3, ""COW"": 4, ""TOMATO"": 4, ""PASTURE"": 13, ""STRAWBERRY"": 2}","[""FARMERS_MARKET"", ""PIZZA_SHOP"", ""YARN_STORE"", ""PET_CAFE"", ""YARN_STORE"", ""YARN_STORE"", ""PIZZA_SHOP"", ""FARMERS_MARKET""]","{""CARROT"": 49, ""EGG"": 40, ""FERTILIZER"": 1, ""MELON"": 106, ""MILK"": 72, ""STRAWBERRY"": 51, ""TOMATO"": 96, ""WHEAT"": 28, ""WOOL"": 161}"
